code,name,category,source,field,detected_in_text,param_value,issue_type,severity,description
S691100,Cirkulátor SOUS-VIDE EKO,Gastro Prevádzky a Profesionáli > Varná technika > Sous-vide zariadenia,gastromarket_stalgast,Objem (l),,26 L (Gross: 5 L),GEOMETRIC_IMPOSSIBILITY,ERROR,Claimed volume 26L exceeds gross outer volume 5L (145x115x325mm)
S982223120,"Vyhrievaný nadstavec dvojpolicový | nerez AISI 445 | keramické telesá | 1 200 × 300 × 700 mm | 1,2 kW / 230 V | S982223120",Gastro Prevádzky a Profesionáli > Výdaj jedál > Ohrevné lampy a mosty,gastromarket_stalgast,Rozmery (ŠxHxV),200x300x700,1200x300x700,TEXT_PARAM_MISMATCH,WARNING,Text dimensions 200x300x700 diverge from filter 1200x300x700
S980727110,Umývací stôl krytovaný s drezom a s krídlovými dvierkami  1100x700x850mm,Gastro Prevádzky a Profesionáli > Nerezový nábytok > Umývacie stoly a drezy,gastromarket_stalgast,Rozmery (ŠxHxV),500x500x250,1100x700x850,TEXT_PARAM_MISMATCH,WARNING,Text dimensions 500x500x250 diverge from filter 1100x700x850
S980727080,Umývací stôl krytovaný s drezom a s krídlovými dvierkami  800x700x850mm,Gastro Prevádzky a Profesionáli > Nerezový nábytok > Umývacie stoly a drezy,gastromarket_stalgast,Rozmery (ŠxHxV),500x500x250,800x700x850,TEXT_PARAM_MISMATCH,WARNING,Text dimensions 500x500x250 diverge from filter 800x700x850
S980726100,Umývací stôl krytovaný s drezom a s krídlovými dvierkami  1000x600x850mm,Gastro Prevádzky a Profesionáli > Nerezový nábytok > Umývacie stoly a drezy,gastromarket_stalgast,Rozmery (ŠxHxV),400x400x250,1000x600x850,TEXT_PARAM_MISMATCH,WARNING,Text dimensions 400x400x250 diverge from filter 1000x600x850
S980726150,Umývací stôl krytovaný s drezom a s krídlovými dvierkami  1500x600x850mm,Gastro Prevádzky a Profesionáli > Nerezový nábytok > Umývacie stoly a drezy,gastromarket_stalgast,Rozmery (ŠxHxV),400x400x250,1500x600x850,TEXT_PARAM_MISMATCH,WARNING,Text dimensions 400x400x250 diverge from filter 1500x600x850
S980726130,Umývací stôl krytovaný s drezom a s krídlovými dvierkami  1300x600x850mm,Gastro Prevádzky a Profesionáli > Nerezový nábytok > Umývacie stoly a drezy,gastromarket_stalgast,Rozmery (ŠxHxV),400x400x250,1300x600x850,TEXT_PARAM_MISMATCH,WARNING,Text dimensions 400x400x250 diverge from filter 1300x600x850
S980727130,Umývací stôl krytovaný s drezom a s krídlovými dvierkami  1300x700x850mm,Gastro Prevádzky a Profesionáli > Nerezový nábytok > Umývacie stoly a drezy,gastromarket_stalgast,Rozmery (ŠxHxV),500x500x250,1300x700x850,TEXT_PARAM_MISMATCH,WARNING,Text dimensions 500x500x250 diverge from filter 1300x700x850
S980726140,Umývací stôl krytovaný s drezom a s krídlovými dvierkami  1400x600x850mm,Gastro Prevádzky a Profesionáli > Nerezový nábytok > Umývacie stoly a drezy,gastromarket_stalgast,Rozmery (ŠxHxV),400x400x250,1400x600x850,TEXT_PARAM_MISMATCH,WARNING,Text dimensions 400x400x250 diverge from filter 1400x600x850
S980726110,Umývací stôl krytovaný s drezom a s krídlovými dvierkami  1100x600x850mm,Gastro Prevádzky a Profesionáli > Nerezový nábytok > Umývacie stoly a drezy,gastromarket_stalgast,Rozmery (ŠxHxV),400x400x250,1100x600x850,TEXT_PARAM_MISMATCH,WARNING,Text dimensions 400x400x250 diverge from filter 1100x600x850
S980727150,Umývací stôl krytovaný s drezom a s krídlovými dvierkami  1500x700x850mm,Gastro Prevádzky a Profesionáli > Nerezový nábytok > Umývacie stoly a drezy,gastromarket_stalgast,Rozmery (ŠxHxV),500x500x250,1500x700x850,TEXT_PARAM_MISMATCH,WARNING,Text dimensions 500x500x250 diverge from filter 1500x700x850
S980727120,Umývací stôl krytovaný s drezom a s krídlovými dvierkami  1200x700x850mm,Gastro Prevádzky a Profesionáli > Nerezový nábytok > Umývacie stoly a drezy,gastromarket_stalgast,Rozmery (ŠxHxV),500x500x250,1200x700x850,TEXT_PARAM_MISMATCH,WARNING,Text dimensions 500x500x250 diverge from filter 1200x700x850
S980727070,Umývací stôl krytovaný s drezom a s krídlovými dvierkami  700x700x850mm,Gastro Prevádzky a Profesionáli > Nerezový nábytok > Umývacie stoly a drezy,gastromarket_stalgast,Rozmery (ŠxHxV),500x500x250,700x700x850,TEXT_PARAM_MISMATCH,WARNING,Text dimensions 500x500x250 diverge from filter 700x700x850
S980726080,Umývací stôl krytovaný s drezom a s krídlovými dvierkami  800x600x850mm,Gastro Prevádzky a Profesionáli > Nerezový nábytok > Umývacie stoly a drezy,gastromarket_stalgast,Rozmery (ŠxHxV),400x400x250,800x600x850,TEXT_PARAM_MISMATCH,WARNING,Text dimensions 400x400x250 diverge from filter 800x600x850
S980726070,Umývací stôl krytovaný s drezom a s krídlovými dvierkami  700x600x850mm,Gastro Prevádzky a Profesionáli > Nerezový nábytok > Umývacie stoly a drezy,gastromarket_stalgast,Rozmery (ŠxHxV),400x400x250,700x600x850,TEXT_PARAM_MISMATCH,WARNING,Text dimensions 400x400x250 diverge from filter 700x600x850
S980726120,Umývací stôl krytovaný s drezom a s krídlovými dvierkami  1200x600x850mm,Gastro Prevádzky a Profesionáli > Nerezový nábytok > Umývacie stoly a drezy,gastromarket_stalgast,Rozmery (ŠxHxV),400x400x250,1200x600x850,TEXT_PARAM_MISMATCH,WARNING,Text dimensions 400x400x250 diverge from filter 1200x600x850
S980726090,Umývací stôl krytovaný s drezom a s krídlovými dvierkami  900x600x850mm,Gastro Prevádzky a Profesionáli > Nerezový nábytok > Umývacie stoly a drezy,gastromarket_stalgast,Rozmery (ŠxHxV),400x400x250,900x600x850,TEXT_PARAM_MISMATCH,WARNING,Text dimensions 400x400x250 diverge from filter 900x600x850
S980727090,Umývací stôl krytovaný s drezom a s krídlovými dvierkami  900x700x850mm,Gastro Prevádzky a Profesionáli > Nerezový nábytok > Umývacie stoly a drezy,gastromarket_stalgast,Rozmery (ŠxHxV),500x500x250,900x700x850,TEXT_PARAM_MISMATCH,WARNING,Text dimensions 500x500x250 diverge from filter 900x700x850
S980746100,Umývací stôl krytovaný s drezom a s posuvnými dvierkami  1000x600x850mm,Gastro Prevádzky a Profesionáli > Nerezový nábytok > Umývacie stoly a drezy,gastromarket_stalgast,Rozmery (ŠxHxV),400x400x250,1000x600x850,TEXT_PARAM_MISMATCH,WARNING,Text dimensions 400x400x250 diverge from filter 1000x600x850
S980746150,Umývací stôl krytovaný s drezom a s posuvnými dvierkami  1500x600x850mm,Gastro Prevádzky a Profesionáli > Nerezový nábytok > Umývacie stoly a drezy,gastromarket_stalgast,Rozmery (ŠxHxV),400x400x250,1500x600x850,TEXT_PARAM_MISMATCH,WARNING,Text dimensions 400x400x250 diverge from filter 1500x600x850
S980747080,Umývací stôl krytovaný s drezom a s posuvnými dvierkami  800x700x850mm,Gastro Prevádzky a Profesionáli > Nerezový nábytok > Umývacie stoly a drezy,gastromarket_stalgast,Rozmery (ŠxHxV),500x500x250,800x700x850,TEXT_PARAM_MISMATCH,WARNING,Text dimensions 500x500x250 diverge from filter 800x700x850
S980747130,Umývací stôl krytovaný s drezom a s posuvnými dvierkami  1300x700x850mm,Gastro Prevádzky a Profesionáli > Nerezový nábytok > Umývacie stoly a drezy,gastromarket_stalgast,Rozmery (ŠxHxV),500x500x250,1300x700x850,TEXT_PARAM_MISMATCH,WARNING,Text dimensions 500x500x250 diverge from filter 1300x700x850
S980747170,Umývací stôl krytovaný s drezom a s posuvnými dvierkami  1700x700x850mm,Gastro Prevádzky a Profesionáli > Nerezový nábytok > Umývacie stoly a drezy,gastromarket_stalgast,Rozmery (ŠxHxV),500x500x250,1700x700x850,TEXT_PARAM_MISMATCH,WARNING,Text dimensions 500x500x250 diverge from filter 1700x700x850
S980747100,Umývací stôl krytovaný s drezom a s posuvnými dvierkami  1000x700x850mm,Gastro Prevádzky a Profesionáli > Nerezový nábytok > Umývacie stoly a drezy,gastromarket_stalgast,Rozmery (ŠxHxV),500x500x250,1000x700x850,TEXT_PARAM_MISMATCH,WARNING,Text dimensions 500x500x250 diverge from filter 1000x700x850
S980746090,Umývací stôl krytovaný s drezom a s posuvnými dvierkami  900x600x850mm,Gastro Prevádzky a Profesionáli > Nerezový nábytok > Umývacie stoly a drezy,gastromarket_stalgast,Rozmery (ŠxHxV),400x400x250,900x600x850,TEXT_PARAM_MISMATCH,WARNING,Text dimensions 400x400x250 diverge from filter 900x600x850
S980747180,Umývací stôl krytovaný s drezom a s posuvnými dvierkami  1800x700x850mm,Gastro Prevádzky a Profesionáli > Nerezový nábytok > Umývacie stoly a drezy,gastromarket_stalgast,Rozmery (ŠxHxV),500x500x250,1800x700x850,TEXT_PARAM_MISMATCH,WARNING,Text dimensions 500x500x250 diverge from filter 1800x700x850
S980746160,Umývací stôl krytovaný s drezom a s posuvnými dvierkami  1600x600x850mm,Gastro Prevádzky a Profesionáli > Nerezový nábytok > Umývacie stoly a drezy,gastromarket_stalgast,Rozmery (ŠxHxV),400x400x250,1600x600x850,TEXT_PARAM_MISMATCH,WARNING,Text dimensions 400x400x250 diverge from filter 1600x600x850
S980747160,Umývací stôl krytovaný s drezom a s posuvnými dvierkami  1600x700x850mm,Gastro Prevádzky a Profesionáli > Nerezový nábytok > Umývacie stoly a drezy,gastromarket_stalgast,Rozmery (ŠxHxV),500x500x250,1600x700x850,TEXT_PARAM_MISMATCH,WARNING,Text dimensions 500x500x250 diverge from filter 1600x700x850
S980747150,Umývací stôl krytovaný s drezom a s posuvnými dvierkami  1500x700x850mm,Gastro Prevádzky a Profesionáli > Nerezový nábytok > Umývacie stoly a drezy,gastromarket_stalgast,Rozmery (ŠxHxV),500x500x250,1500x700x850,TEXT_PARAM_MISMATCH,WARNING,Text dimensions 500x500x250 diverge from filter 1500x700x850
S980746140,Umývací stôl krytovaný s drezom a s posuvnými dvierkami  1400x600x850mm,Gastro Prevádzky a Profesionáli > Nerezový nábytok > Umývacie stoly a drezy,gastromarket_stalgast,Rozmery (ŠxHxV),400x400x250,1400x600x850,TEXT_PARAM_MISMATCH,WARNING,Text dimensions 400x400x250 diverge from filter 1400x600x850
S980746170,Umývací stôl krytovaný s drezom a s posuvnými dvierkami  1700x600x850mm,Gastro Prevádzky a Profesionáli > Nerezový nábytok > Umývacie stoly a drezy,gastromarket_stalgast,Rozmery (ŠxHxV),400x400x250,1700x600x850,TEXT_PARAM_MISMATCH,WARNING,Text dimensions 400x400x250 diverge from filter 1700x600x850
S980747120,Umývací stôl krytovaný s drezom a s posuvnými dvierkami  1200x700x850mm,Gastro Prevádzky a Profesionáli > Nerezový nábytok > Umývacie stoly a drezy,gastromarket_stalgast,Rozmery (ŠxHxV),500x500x250,1200x700x850,TEXT_PARAM_MISMATCH,WARNING,Text dimensions 500x500x250 diverge from filter 1200x700x850
S980746110,Umývací stôl krytovaný s drezom a s posuvnými dvierkami  1100x600x850mm,Gastro Prevádzky a Profesionáli > Nerezový nábytok > Umývacie stoly a drezy,gastromarket_stalgast,Rozmery (ŠxHxV),400x400x250,1100x600x850,TEXT_PARAM_MISMATCH,WARNING,Text dimensions 400x400x250 diverge from filter 1100x600x850
S980746120,Umývací stôl krytovaný s drezom a s posuvnými dvierkami  1200x600x850mm,Gastro Prevádzky a Profesionáli > Nerezový nábytok > Umývacie stoly a drezy,gastromarket_stalgast,Rozmery (ŠxHxV),400x400x250,1200x600x850,TEXT_PARAM_MISMATCH,WARNING,Text dimensions 400x400x250 diverge from filter 1200x600x850
S980746130,Umývací stôl krytovaný s drezom a s posuvnými dvierkami  1300x600x850mm,Gastro Prevádzky a Profesionáli > Nerezový nábytok > Umývacie stoly a drezy,gastromarket_stalgast,Rozmery (ŠxHxV),400x400x250,1300x600x850,TEXT_PARAM_MISMATCH,WARNING,Text dimensions 400x400x250 diverge from filter 1300x600x850
S980746080,Umývací stôl krytovaný s drezom a s posuvnými dvierkami  800x600x850mm,Gastro Prevádzky a Profesionáli > Nerezový nábytok > Umývacie stoly a drezy,gastromarket_stalgast,Rozmery (ŠxHxV),400x400x250,800x600x850,TEXT_PARAM_MISMATCH,WARNING,Text dimensions 400x400x250 diverge from filter 800x600x850
S980747090,Umývací stôl krytovaný s drezom a s posuvnými dvierkami  900x700x850mm,Gastro Prevádzky a Profesionáli > Nerezový nábytok > Umývacie stoly a drezy,gastromarket_stalgast,Rozmery (ŠxHxV),500x500x250,900x700x850,TEXT_PARAM_MISMATCH,WARNING,Text dimensions 500x500x250 diverge from filter 900x700x850
S980747140,Umývací stôl krytovaný s drezom a s posuvnými dvierkami  1400x700x850mm,Gastro Prevádzky a Profesionáli > Nerezový nábytok > Umývacie stoly a drezy,gastromarket_stalgast,Rozmery (ŠxHxV),500x500x250,1400x700x850,TEXT_PARAM_MISMATCH,WARNING,Text dimensions 500x500x250 diverge from filter 1400x700x850
S980747190,Umývací stôl krytovaný s drezom a s posuvnými dvierkami  1900x700x850mm,Gastro Prevádzky a Profesionáli > Nerezový nábytok > Umývacie stoly a drezy,gastromarket_stalgast,Rozmery (ŠxHxV),500x500x250,1900x700x850,TEXT_PARAM_MISMATCH,WARNING,Text dimensions 500x500x250 diverge from filter 1900x700x850
S980746180,Umývací stôl krytovaný s drezom a s posuvnými dvierkami  1800x600x850mm,Gastro Prevádzky a Profesionáli > Nerezový nábytok > Umývacie stoly a drezy,gastromarket_stalgast,Rozmery (ŠxHxV),400x400x250,1800x600x850,TEXT_PARAM_MISMATCH,WARNING,Text dimensions 400x400x250 diverge from filter 1800x600x850
S980876150,Umývací stôl krytovaný s dvojdrezom a s krídlovými dvierkami  1500x600x850mm,Gastro Prevádzky a Profesionáli > Nerezový nábytok > Umývacie stoly a drezy,gastromarket_stalgast,Rozmery (ŠxHxV),400x400x250,1500x600x850,TEXT_PARAM_MISMATCH,WARNING,Text dimensions 400x400x250 diverge from filter 1500x600x850
S980876120,Umývací stôl krytovaný s dvojdrezom a s krídlovými dvierkami  1200x600x850mm,Gastro Prevádzky a Profesionáli > Nerezový nábytok > Umývacie stoly a drezy,gastromarket_stalgast,Rozmery (ŠxHxV),400x400x250,1200x600x850,TEXT_PARAM_MISMATCH,WARNING,Text dimensions 400x400x250 diverge from filter 1200x600x850
S980876130,Umývací stôl krytovaný s dvojdrezom a s krídlovými dvierkami  1300x600x850mm,Gastro Prevádzky a Profesionáli > Nerezový nábytok > Umývacie stoly a drezy,gastromarket_stalgast,Rozmery (ŠxHxV),400x400x250,1300x600x850,TEXT_PARAM_MISMATCH,WARNING,Text dimensions 400x400x250 diverge from filter 1300x600x850
S980876110,Umývací stôl krytovaný s dvojdrezom a s krídlovými dvierkami  1100x600x850mm,Gastro Prevádzky a Profesionáli > Nerezový nábytok > Umývacie stoly a drezy,gastromarket_stalgast,Rozmery (ŠxHxV),400x400x250,1100x600x850,TEXT_PARAM_MISMATCH,WARNING,Text dimensions 400x400x250 diverge from filter 1100x600x850
S980876140,Umývací stôl krytovaný s dvojdrezom a s krídlovými dvierkami  1400x600x850mm,Gastro Prevádzky a Profesionáli > Nerezový nábytok > Umývacie stoly a drezy,gastromarket_stalgast,Rozmery (ŠxHxV),400x400x250,1400x600x850,TEXT_PARAM_MISMATCH,WARNING,Text dimensions 400x400x250 diverge from filter 1400x600x850
S980877140,Umývací stôl krytovaný s dvojdrezom a s krídlovými dvierkami  1400x700x850mm,Gastro Prevádzky a Profesionáli > Nerezový nábytok > Umývacie stoly a drezy,gastromarket_stalgast,Rozmery (ŠxHxV),500x500x250,1400x700x850,TEXT_PARAM_MISMATCH,WARNING,Text dimensions 500x500x250 diverge from filter 1400x700x850
S980877120,Umývací stôl krytovaný s dvojdrezom a s krídlovými dvierkami  1200x700x850mm,Gastro Prevádzky a Profesionáli > Nerezový nábytok > Umývacie stoly a drezy,gastromarket_stalgast,Rozmery (ŠxHxV),500x500x250,1200x700x850,TEXT_PARAM_MISMATCH,WARNING,Text dimensions 500x500x250 diverge from filter 1200x700x850
S980877110,Umývací stôl krytovaný s dvojdrezom a s krídlovými dvierkami  1100x700x850mm,Gastro Prevádzky a Profesionáli > Nerezový nábytok > Umývacie stoly a drezy,gastromarket_stalgast,Rozmery (ŠxHxV),500x500x250,1100x700x850,TEXT_PARAM_MISMATCH,WARNING,Text dimensions 500x500x250 diverge from filter 1100x700x850
S980877130,Umývací stôl krytovaný s dvojdrezom a s krídlovými dvierkami  1300x700x850mm,Gastro Prevádzky a Profesionáli > Nerezový nábytok > Umývacie stoly a drezy,gastromarket_stalgast,Rozmery (ŠxHxV),500x500x250,1300x700x850,TEXT_PARAM_MISMATCH,WARNING,Text dimensions 500x500x250 diverge from filter 1300x700x850
S980907190,Umývací stôl krytovaný s dvojdrezom a s posuvnými dvierkami  1900x700x850mm,Gastro Prevádzky a Profesionáli > Nerezový nábytok > Umývacie stoly a drezy,gastromarket_stalgast,Rozmery (ŠxHxV),500x500x250,1900x700x850,TEXT_PARAM_MISMATCH,WARNING,Text dimensions 500x500x250 diverge from filter 1900x700x850
S980907180,Umývací stôl krytovaný s dvojdrezom a s posuvnými dvierkami  1800x700x850mm,Gastro Prevádzky a Profesionáli > Nerezový nábytok > Umývacie stoly a drezy,gastromarket_stalgast,Rozmery (ŠxHxV),500x500x250,1800x700x850,TEXT_PARAM_MISMATCH,WARNING,Text dimensions 500x500x250 diverge from filter 1800x700x850
S980906140,Umývací stôl krytovaný s dvojdrezom a s posuvnými dvierkami  1400x600x850mm,Gastro Prevádzky a Profesionáli > Nerezový nábytok > Umývacie stoly a drezy,gastromarket_stalgast,Rozmery (ŠxHxV),400x400x250,1400x600x850,TEXT_PARAM_MISMATCH,WARNING,Text dimensions 400x400x250 diverge from filter 1400x600x850
S980907170,Umývací stôl krytovaný s dvojdrezom a s posuvnými dvierkami  1700x700x850mm,Gastro Prevádzky a Profesionáli > Nerezový nábytok > Umývacie stoly a drezy,gastromarket_stalgast,Rozmery (ŠxHxV),500x500x250,1700x700x850,TEXT_PARAM_MISMATCH,WARNING,Text dimensions 500x500x250 diverge from filter 1700x700x850
S980906160,Umývací stôl krytovaný s dvojdrezom a s posuvnými dvierkami  1600x600x850mm,Gastro Prevádzky a Profesionáli > Nerezový nábytok > Umývacie stoly a drezy,gastromarket_stalgast,Rozmery (ŠxHxV),400x400x250,1600x600x850,TEXT_PARAM_MISMATCH,WARNING,Text dimensions 400x400x250 diverge from filter 1600x600x850
S980906130,Umývací stôl krytovaný s dvojdrezom a s posuvnými dvierkami  1300x600x850mm,Gastro Prevádzky a Profesionáli > Nerezový nábytok > Umývacie stoly a drezy,gastromarket_stalgast,Rozmery (ŠxHxV),400x400x250,1300x600x850,TEXT_PARAM_MISMATCH,WARNING,Text dimensions 400x400x250 diverge from filter 1300x600x850
S980906190,Umývací stôl krytovaný s dvojdrezom a s posuvnými dvierkami  1900x600x850mm,Gastro Prevádzky a Profesionáli > Nerezový nábytok > Umývacie stoly a drezy,gastromarket_stalgast,Rozmery (ŠxHxV),400x400x250,1900x600x850,TEXT_PARAM_MISMATCH,WARNING,Text dimensions 400x400x250 diverge from filter 1900x600x850
S980907130,Umývací stôl krytovaný s dvojdrezom a s posuvnými dvierkami  1300x700x850mm,Gastro Prevádzky a Profesionáli > Nerezový nábytok > Umývacie stoly a drezy,gastromarket_stalgast,Rozmery (ŠxHxV),500x500x250,1300x700x850,TEXT_PARAM_MISMATCH,WARNING,Text dimensions 500x500x250 diverge from filter 1300x700x850
S980907150,Umývací stôl krytovaný s dvojdrezom a s posuvnými dvierkami  1500x700x850mm,Gastro Prevádzky a Profesionáli > Nerezový nábytok > Umývacie stoly a drezy,gastromarket_stalgast,Rozmery (ŠxHxV),500x500x250,1500x700x850,TEXT_PARAM_MISMATCH,WARNING,Text dimensions 500x500x250 diverge from filter 1500x700x850
S980907110,Umývací stôl krytovaný s dvojdrezom a s posuvnými dvierkami  1100x700x850mm,Gastro Prevádzky a Profesionáli > Nerezový nábytok > Umývacie stoly a drezy,gastromarket_stalgast,Rozmery (ŠxHxV),500x500x250,1100x700x850,TEXT_PARAM_MISMATCH,WARNING,Text dimensions 500x500x250 diverge from filter 1100x700x850
S980907120,Umývací stôl krytovaný s dvojdrezom a s posuvnými dvierkami  1200x700x850mm,Gastro Prevádzky a Profesionáli > Nerezový nábytok > Umývacie stoly a drezy,gastromarket_stalgast,Rozmery (ŠxHxV),500x500x250,1200x700x850,TEXT_PARAM_MISMATCH,WARNING,Text dimensions 500x500x250 diverge from filter 1200x700x850
S980906150,Umývací stôl krytovaný s dvojdrezom a s posuvnými dvierkami  1500x600x850mm,Gastro Prevádzky a Profesionáli > Nerezový nábytok > Umývacie stoly a drezy,gastromarket_stalgast,Rozmery (ŠxHxV),400x400x250,1500x600x850,TEXT_PARAM_MISMATCH,WARNING,Text dimensions 400x400x250 diverge from filter 1500x600x850
S980906180,Umývací stôl krytovaný s dvojdrezom a s posuvnými dvierkami  1800x600x850mm,Gastro Prevádzky a Profesionáli > Nerezový nábytok > Umývacie stoly a drezy,gastromarket_stalgast,Rozmery (ŠxHxV),400x400x250,1800x600x850,TEXT_PARAM_MISMATCH,WARNING,Text dimensions 400x400x250 diverge from filter 1800x600x850
S980907160,Umývací stôl krytovaný s dvojdrezom a s posuvnými dvierkami  1600x700x850mm,Gastro Prevádzky a Profesionáli > Nerezový nábytok > Umývacie stoly a drezy,gastromarket_stalgast,Rozmery (ŠxHxV),500x500x250,1600x700x850,TEXT_PARAM_MISMATCH,WARNING,Text dimensions 500x500x250 diverge from filter 1600x700x850
S980906120,Umývací stôl krytovaný s dvojdrezom a s posuvnými dvierkami  1200x600x850mm,Gastro Prevádzky a Profesionáli > Nerezový nábytok > Umývacie stoly a drezy,gastromarket_stalgast,Rozmery (ŠxHxV),400x400x250,1200x600x850,TEXT_PARAM_MISMATCH,WARNING,Text dimensions 400x400x250 diverge from filter 1200x600x850
S980906110,Umývací stôl krytovaný s dvojdrezom a s posuvnými dvierkami  1100x600x850mm,Gastro Prevádzky a Profesionáli > Nerezový nábytok > Umývacie stoly a drezy,gastromarket_stalgast,Rozmery (ŠxHxV),400x400x250,1100x600x850,TEXT_PARAM_MISMATCH,WARNING,Text dimensions 400x400x250 diverge from filter 1100x600x850
S981037240,Umývací stôl pre podstolovú umývačku STALGAST® - dĺžka 2400 mm,Gastro Prevádzky a Profesionáli > Umývacia technika > Stoly k umývačkám,gastromarket_stalgast,Rozmery (ŠxHxV),500x500x250,2400x700x850,TEXT_PARAM_MISMATCH,WARNING,Text dimensions 500x500x250 diverge from filter 2400x700x850
S980957180,Umývací stôl pre podstolovú umývačku STALGAST® - dĺžka 1800 mm,Gastro Prevádzky a Profesionáli > Umývacia technika > Stoly k umývačkám,gastromarket_stalgast,Rozmery (ŠxHxV),500x500x250,1800x700x850,TEXT_PARAM_MISMATCH,WARNING,Text dimensions 500x500x250 diverge from filter 1800x700x850
S981037180,Umývací stôl pre podstolovú umývačku STALGAST® - dĺžka 1800 mm,Gastro Prevádzky a Profesionáli > Umývacia technika > Stoly k umývačkám,gastromarket_stalgast,Rozmery (ŠxHxV),500x500x250,1800x700x850,TEXT_PARAM_MISMATCH,WARNING,Text dimensions 500x500x250 diverge from filter 1800x700x850
S981037190,Umývací stôl pre podstolovú umývačku STALGAST® - dĺžka 1900 mm,Gastro Prevádzky a Profesionáli > Umývacia technika > Stoly k umývačkám,gastromarket_stalgast,Rozmery (ŠxHxV),500x500x250,1900x700x850,TEXT_PARAM_MISMATCH,WARNING,Text dimensions 500x500x250 diverge from filter 1900x700x850
S981047220,Umývací stôl pre podstolovú umývačku STALGAST® - dĺžka 2200 mm,Gastro Prevádzky a Profesionáli > Umývacia technika > Stoly k umývačkám,gastromarket_stalgast,Rozmery (ŠxHxV),500x500x250,2200x700x850,TEXT_PARAM_MISMATCH,WARNING,Text dimensions 500x500x250 diverge from filter 2200x700x850
S981047170,Umývací stôl pre podstolovú umývačku STALGAST® - dĺžka 1700 mm,Gastro Prevádzky a Profesionáli > Umývacia technika > Stoly k umývačkám,gastromarket_stalgast,Rozmery (ŠxHxV),500x500x250,1700x700x850,TEXT_PARAM_MISMATCH,WARNING,Text dimensions 500x500x250 diverge from filter 1700x700x850
S981047210,Umývací stôl pre podstolovú umývačku STALGAST® - dĺžka 2100 mm,Gastro Prevádzky a Profesionáli > Umývacia technika > Stoly k umývačkám,gastromarket_stalgast,Rozmery (ŠxHxV),500x500x250,2100x700x850,TEXT_PARAM_MISMATCH,WARNING,Text dimensions 500x500x250 diverge from filter 2100x700x850
S981037230,Umývací stôl pre podstolovú umývačku STALGAST® - dĺžka 2300 mm,Gastro Prevádzky a Profesionáli > Umývacia technika > Stoly k umývačkám,gastromarket_stalgast,Rozmery (ŠxHxV),500x500x250,2300x700x850,TEXT_PARAM_MISMATCH,WARNING,Text dimensions 500x500x250 diverge from filter 2300x700x850
S981047240,Umývací stôl pre podstolovú umývačku STALGAST® - dĺžka 2400 mm,Gastro Prevádzky a Profesionáli > Umývacia technika > Stoly k umývačkám,gastromarket_stalgast,Rozmery (ŠxHxV),500x500x250,2400x700x850,TEXT_PARAM_MISMATCH,WARNING,Text dimensions 500x500x250 diverge from filter 2400x700x850
S980967120,Umývací stôl pre podstolovú umývačku STALGAST® - dĺžka 1200 mm,Gastro Prevádzky a Profesionáli > Umývacia technika > Stoly k umývačkám,gastromarket_stalgast,Rozmery (ŠxHxV),500x500x250,1200x700x850,TEXT_PARAM_MISMATCH,WARNING,Text dimensions 500x500x250 diverge from filter 1200x700x850
S981047200,Umývací stôl pre podstolovú umývačku STALGAST® - dĺžka 2000 mm,Gastro Prevádzky a Profesionáli > Umývacia technika > Stoly k umývačkám,gastromarket_stalgast,Rozmery (ŠxHxV),500x500x250,2000x700x850,TEXT_PARAM_MISMATCH,WARNING,Text dimensions 500x500x250 diverge from filter 2000x700x850
S980957160,Umývací stôl pre podstolovú umývačku STALGAST® - dĺžka 1600 mm,Gastro Prevádzky a Profesionáli > Umývacia technika > Stoly k umývačkám,gastromarket_stalgast,Rozmery (ŠxHxV),500x500x250,1600x700x850,TEXT_PARAM_MISMATCH,WARNING,Text dimensions 500x500x250 diverge from filter 1600x700x850
S981047160,Umývací stôl pre podstolovú umývačku STALGAST® - dĺžka 1600 mm,Gastro Prevádzky a Profesionáli > Umývacia technika > Stoly k umývačkám,gastromarket_stalgast,Rozmery (ŠxHxV),500x500x250,1600x700x850,TEXT_PARAM_MISMATCH,WARNING,Text dimensions 500x500x250 diverge from filter 1600x700x850
S980967140,Umývací stôl pre podstolovú umývačku STALGAST® - dĺžka 1400 mm,Gastro Prevádzky a Profesionáli > Umývacia technika > Stoly k umývačkám,gastromarket_stalgast,Rozmery (ŠxHxV),500x500x250,1400x700x850,TEXT_PARAM_MISMATCH,WARNING,Text dimensions 500x500x250 diverge from filter 1400x700x850
S980967160,Umývací stôl pre podstolovú umývačku STALGAST® - dĺžka 1600 mm,Gastro Prevádzky a Profesionáli > Umývacia technika > Stoly k umývačkám,gastromarket_stalgast,Rozmery (ŠxHxV),500x500x250,1600x700x850,TEXT_PARAM_MISMATCH,WARNING,Text dimensions 500x500x250 diverge from filter 1600x700x850
S981037200,Umývací stôl pre podstolovú umývačku STALGAST® - dĺžka 2000 mm,Gastro Prevádzky a Profesionáli > Umývacia technika > Stoly k umývačkám,gastromarket_stalgast,Rozmery (ŠxHxV),500x500x250,2000x700x850,TEXT_PARAM_MISMATCH,WARNING,Text dimensions 500x500x250 diverge from filter 2000x700x850
S980967170,Umývací stôl pre podstolovú umývačku STALGAST® - dĺžka 1700 mm,Gastro Prevádzky a Profesionáli > Umývacia technika > Stoly k umývačkám,gastromarket_stalgast,Rozmery (ŠxHxV),500x500x250,1700x700x850,TEXT_PARAM_MISMATCH,WARNING,Text dimensions 500x500x250 diverge from filter 1700x700x850
S980957130,Umývací stôl pre podstolovú umývačku STALGAST® - dĺžka 1300 mm,Gastro Prevádzky a Profesionáli > Umývacia technika > Stoly k umývačkám,gastromarket_stalgast,Rozmery (ŠxHxV),500x500x250,1300x700x850,TEXT_PARAM_MISMATCH,WARNING,Text dimensions 500x500x250 diverge from filter 1300x700x850
S981037210,Umývací stôl pre podstolovú umývačku STALGAST® - dĺžka 2100 mm,Gastro Prevádzky a Profesionáli > Umývacia technika > Stoly k umývačkám,gastromarket_stalgast,Rozmery (ŠxHxV),500x500x250,2100x700x850,TEXT_PARAM_MISMATCH,WARNING,Text dimensions 500x500x250 diverge from filter 2100x700x850
S980967180,Umývací stôl pre podstolovú umývačku STALGAST® - dĺžka 1800 mm,Gastro Prevádzky a Profesionáli > Nerezový nábytok > Umývacie stoly a drezy,gastromarket_stalgast,Rozmery (ŠxHxV),500x500x250,1800x700x850,TEXT_PARAM_MISMATCH,WARNING,Text dimensions 500x500x250 diverge from filter 1800x700x850
S981037170,Umývací stôl pre podstolovú umývačku STALGAST® - dĺžka 1700 mm,Gastro Prevádzky a Profesionáli > Nerezový nábytok > Umývacie stoly a drezy,gastromarket_stalgast,Rozmery (ŠxHxV),500x500x250,1700x700x850,TEXT_PARAM_MISMATCH,WARNING,Text dimensions 500x500x250 diverge from filter 1700x700x850
S980967190,Umývací stôl pre podstolovú umývačku STALGAST® - dĺžka 1900 mm,Gastro Prevádzky a Profesionáli > Nerezový nábytok > Umývacie stoly a drezy,gastromarket_stalgast,Rozmery (ŠxHxV),500x500x250,1900x700x850,TEXT_PARAM_MISMATCH,WARNING,Text dimensions 500x500x250 diverge from filter 1900x700x850
S980957170,Umývací stôl pre podstolovú umývačku STALGAST® - dĺžka 1700 mm,Gastro Prevádzky a Profesionáli > Nerezový nábytok > Umývacie stoly a drezy,gastromarket_stalgast,Rozmery (ŠxHxV),500x500x250,1700x700x850,TEXT_PARAM_MISMATCH,WARNING,Text dimensions 500x500x250 diverge from filter 1700x700x850
S980967150,Umývací stôl pre podstolovú umývačku STALGAST® - dĺžka 1500 mm,Gastro Prevádzky a Profesionáli > Nerezový nábytok > Umývacie stoly a drezy,gastromarket_stalgast,Rozmery (ŠxHxV),500x500x250,1500x700x850,TEXT_PARAM_MISMATCH,WARNING,Text dimensions 500x500x250 diverge from filter 1500x700x850
S981047230,Umývací stôl pre podstolovú umývačku STALGAST® - dĺžka 2300 mm,Gastro Prevádzky a Profesionáli > Nerezový nábytok > Umývacie stoly a drezy,gastromarket_stalgast,Rozmery (ŠxHxV),500x500x250,2300x700x850,TEXT_PARAM_MISMATCH,WARNING,Text dimensions 500x500x250 diverge from filter 2300x700x850
S981037220,Umývací stôl pre podstolovú umývačku STALGAST® - dĺžka 2200 mm,Gastro Prevádzky a Profesionáli > Nerezový nábytok > Umývacie stoly a drezy,gastromarket_stalgast,Rozmery (ŠxHxV),500x500x250,2200x700x850,TEXT_PARAM_MISMATCH,WARNING,Text dimensions 500x500x250 diverge from filter 2200x700x850
S980786180,Umývací stôl s dvojdrezom a bez police  1800x600x850mm,Gastro Prevádzky a Profesionáli > Nerezový nábytok > Umývacie stoly a drezy,gastromarket_stalgast,Rozmery (ŠxHxV),400x400x250,1800x600x850,TEXT_PARAM_MISMATCH,WARNING,Text dimensions 400x400x250 diverge from filter 1800x600x850
S980786190,Umývací stôl s dvojdrezom a bez police  1900x600x850mm,Gastro Prevádzky a Profesionáli > Nerezový nábytok > Umývacie stoly a drezy,gastromarket_stalgast,Rozmery (ŠxHxV),400x400x250,1900x600x850,TEXT_PARAM_MISMATCH,WARNING,Text dimensions 400x400x250 diverge from filter 1900x600x850
S980786170,Umývací stôl s dvojdrezom a bez police  1700x600x850mm,Gastro Prevádzky a Profesionáli > Nerezový nábytok > Umývacie stoly a drezy,gastromarket_stalgast,Rozmery (ŠxHxV),400x400x250,1700x600x850,TEXT_PARAM_MISMATCH,WARNING,Text dimensions 400x400x250 diverge from filter 1700x600x850
S980787170,Umývací stôl s dvojdrezom a bez police  1700x700x850mm,Gastro Prevádzky a Profesionáli > Nerezový nábytok > Umývacie stoly a drezy,gastromarket_stalgast,Rozmery (ŠxHxV),500x500x250,1700x700x850,TEXT_PARAM_MISMATCH,WARNING,Text dimensions 500x500x250 diverge from filter 1700x700x850
S980787190,Umývací stôl s dvojdrezom a bez police  1900x700x850mm,Gastro Prevádzky a Profesionáli > Nerezový nábytok > Umývacie stoly a drezy,gastromarket_stalgast,Rozmery (ŠxHxV),500x500x250,1900x700x850,TEXT_PARAM_MISMATCH,WARNING,Text dimensions 500x500x250 diverge from filter 1900x700x850
S980786150,Umývací stôl s dvojdrezom a bez police  1500x600x850mm,Gastro Prevádzky a Profesionáli > Nerezový nábytok > Umývacie stoly a drezy,gastromarket_stalgast,Rozmery (ŠxHxV),400x400x250,1500x600x850,TEXT_PARAM_MISMATCH,WARNING,Text dimensions 400x400x250 diverge from filter 1500x600x850
S980826110,Umývací stôl s dvojdrezom a s policou  1100x600x850mm,Gastro Prevádzky a Profesionáli > Nerezový nábytok > Umývacie stoly a drezy,gastromarket_stalgast,Rozmery (ŠxHxV),400x400x250,1100x600x850,TEXT_PARAM_MISMATCH,WARNING,Text dimensions 400x400x250 diverge from filter 1100x600x850
S980826190,Umývací stôl s dvojdrezom a s policou  1900x600x850mm,Gastro Prevádzky a Profesionáli > Nerezový nábytok > Umývacie stoly a drezy,gastromarket_stalgast,Rozmery (ŠxHxV),400x400x250,1900x600x850,TEXT_PARAM_MISMATCH,WARNING,Text dimensions 400x400x250 diverge from filter 1900x600x850
S980827110,Umývací stôl s dvojdrezom a s policou  1100x700x850mm,Gastro Prevádzky a Profesionáli > Nerezový nábytok > Umývacie stoly a drezy,gastromarket_stalgast,Rozmery (ŠxHxV),500x500x250,1100x700x850,TEXT_PARAM_MISMATCH,WARNING,Text dimensions 500x500x250 diverge from filter 1100x700x850
S980826170,Umývací stôl s dvojdrezom a s policou  1700x600x850mm,Gastro Prevádzky a Profesionáli > Nerezový nábytok > Umývacie stoly a drezy,gastromarket_stalgast,Rozmery (ŠxHxV),400x400x250,1700x600x850,TEXT_PARAM_MISMATCH,WARNING,Text dimensions 400x400x250 diverge from filter 1700x600x850
S980827190,Umývací stôl s dvojdrezom a s policou  1900x700x850mm,Gastro Prevádzky a Profesionáli > Nerezový nábytok > Umývacie stoly a drezy,gastromarket_stalgast,Rozmery (ŠxHxV),500x500x250,1900x700x850,TEXT_PARAM_MISMATCH,WARNING,Text dimensions 500x500x250 diverge from filter 1900x700x850
S980826120,Umývací stôl s dvojdrezom a s policou  1200x600x850mm,Gastro Prevádzky a Profesionáli > Nerezový nábytok > Umývacie stoly a drezy,gastromarket_stalgast,Rozmery (ŠxHxV),400x400x250,1200x600x850,TEXT_PARAM_MISMATCH,WARNING,Text dimensions 400x400x250 diverge from filter 1200x600x850
S980827150,Umývací stôl s dvojdrezom a s policou  1500x700x850mm,Gastro Prevádzky a Profesionáli > Nerezový nábytok > Umývacie stoly a drezy,gastromarket_stalgast,Rozmery (ŠxHxV),500x500x250,1500x700x850,TEXT_PARAM_MISMATCH,WARNING,Text dimensions 500x500x250 diverge from filter 1500x700x850
S980826180,Umývací stôl s dvojdrezom a s policou  1800x600x850mm,Gastro Prevádzky a Profesionáli > Nerezový nábytok > Umývacie stoly a drezy,gastromarket_stalgast,Rozmery (ŠxHxV),400x400x250,1800x600x850,TEXT_PARAM_MISMATCH,WARNING,Text dimensions 400x400x250 diverge from filter 1800x600x850
S980827180,Umývací stôl s dvojdrezom a s policou  1800x700x850mm,Gastro Prevádzky a Profesionáli > Nerezový nábytok > Umývacie stoly a drezy,gastromarket_stalgast,Rozmery (ŠxHxV),500x500x250,1800x700x850,TEXT_PARAM_MISMATCH,WARNING,Text dimensions 500x500x250 diverge from filter 1800x700x850
S980827130,Umývací stôl s dvojdrezom a s policou  1300x700x850mm,Gastro Prevádzky a Profesionáli > Nerezový nábytok > Umývacie stoly a drezy,gastromarket_stalgast,Rozmery (ŠxHxV),500x500x250,1300x700x850,TEXT_PARAM_MISMATCH,WARNING,Text dimensions 500x500x250 diverge from filter 1300x700x850
S980827160,Umývací stôl s dvojdrezom a s policou  1600x700x850mm,Gastro Prevádzky a Profesionáli > Nerezový nábytok > Umývacie stoly a drezy,gastromarket_stalgast,Rozmery (ŠxHxV),500x500x250,1600x700x850,TEXT_PARAM_MISMATCH,WARNING,Text dimensions 500x500x250 diverge from filter 1600x700x850
S980827170,Umývací stôl s dvojdrezom a s policou  1700x700x850mm,Gastro Prevádzky a Profesionáli > Nerezový nábytok > Umývacie stoly a drezy,gastromarket_stalgast,Rozmery (ŠxHxV),500x500x250,1700x700x850,TEXT_PARAM_MISMATCH,WARNING,Text dimensions 500x500x250 diverge from filter 1700x700x850
S980646110,Umývací stôl s jedným drezom a bez police  1100x600x850mm,Gastro Prevádzky a Profesionáli > Nerezový nábytok > Umývacie stoly a drezy,gastromarket_stalgast,Rozmery (ŠxHxV),400x400x250,1100x600x850,TEXT_PARAM_MISMATCH,WARNING,Text dimensions 400x400x250 diverge from filter 1100x600x850
S980646090,Umývací stôl s jedným drezom a bez police  900x600x850mm,Gastro Prevádzky a Profesionáli > Nerezový nábytok > Umývacie stoly a drezy,gastromarket_stalgast,Rozmery (ŠxHxV),400x400x250,900x600x850,TEXT_PARAM_MISMATCH,WARNING,Text dimensions 400x400x250 diverge from filter 900x600x850
S980657150,Umývací stôl s jedným drezom a bez police  1500x700x850mm,Gastro Prevádzky a Profesionáli > Nerezový nábytok > Umývacie stoly a drezy,gastromarket_stalgast,Rozmery (ŠxHxV),500x500x250,1500x700x850,TEXT_PARAM_MISMATCH,WARNING,Text dimensions 500x500x250 diverge from filter 1500x700x850
S980647130,Umývací stôl s jedným drezom a bez police  1300x700x850mm,Gastro Prevádzky a Profesionáli > Nerezový nábytok > Umývacie stoly a drezy,gastromarket_stalgast,Rozmery (ŠxHxV),500x500x250,1300x700x850,TEXT_PARAM_MISMATCH,WARNING,Text dimensions 500x500x250 diverge from filter 1300x700x850
S980657170,Umývací stôl s jedným drezom a bez police  1700x700x850mm,Gastro Prevádzky a Profesionáli > Nerezový nábytok > Umývacie stoly a drezy,gastromarket_stalgast,Rozmery (ŠxHxV),500x500x250,1700x700x850,TEXT_PARAM_MISMATCH,WARNING,Text dimensions 500x500x250 diverge from filter 1700x700x850
S980646080,Umývací stôl s jedným drezom a bez police  800x600x850mm,Gastro Prevádzky a Profesionáli > Nerezový nábytok > Umývacie stoly a drezy,gastromarket_stalgast,Rozmery (ŠxHxV),400x400x250,800x600x850,TEXT_PARAM_MISMATCH,WARNING,Text dimensions 400x400x250 diverge from filter 800x600x850
S980656190,Umývací stôl s jedným drezom a bez police  1900x600x850mm,Gastro Prevádzky a Profesionáli > Nerezový nábytok > Umývacie stoly a drezy,gastromarket_stalgast,Rozmery (ŠxHxV),400x400x250,1900x600x850,TEXT_PARAM_MISMATCH,WARNING,Text dimensions 400x400x250 diverge from filter 1900x600x850
S980656160,Umývací stôl s jedným drezom a bez police  1600x600x850mm,Gastro Prevádzky a Profesionáli > Nerezový nábytok > Umývacie stoly a drezy,gastromarket_stalgast,Rozmery (ŠxHxV),400x400x250,1600x600x850,TEXT_PARAM_MISMATCH,WARNING,Text dimensions 400x400x250 diverge from filter 1600x600x850
S980657190,Umývací stôl s jedným drezom a bez police  1900x700x850mm,Gastro Prevádzky a Profesionáli > Nerezový nábytok > Umývacie stoly a drezy,gastromarket_stalgast,Rozmery (ŠxHxV),500x500x250,1900x700x850,TEXT_PARAM_MISMATCH,WARNING,Text dimensions 500x500x250 diverge from filter 1900x700x850
S980646140,Umývací stôl s jedným drezom a bez police  1400x600x850mm,Gastro Prevádzky a Profesionáli > Nerezový nábytok > Umývacie stoly a drezy,gastromarket_stalgast,Rozmery (ŠxHxV),400x400x250,1400x600x850,TEXT_PARAM_MISMATCH,WARNING,Text dimensions 400x400x250 diverge from filter 1400x600x850
S980647110,Umývací stôl s jedným drezom a bez police  1100x700x850mm,Gastro Prevádzky a Profesionáli > Nerezový nábytok > Umývacie stoly a drezy,gastromarket_stalgast,Rozmery (ŠxHxV),500x500x250,1100x700x850,TEXT_PARAM_MISMATCH,WARNING,Text dimensions 500x500x250 diverge from filter 1100x700x850
S980647090,Umývací stôl s jedným drezom a bez police  900x700x850mm,Gastro Prevádzky a Profesionáli > Nerezový nábytok > Umývacie stoly a drezy,gastromarket_stalgast,Rozmery (ŠxHxV),500x500x250,900x700x850,TEXT_PARAM_MISMATCH,WARNING,Text dimensions 500x500x250 diverge from filter 900x700x850
S980647120,Umývací stôl s jedným drezom a bez police  1200x700x850mm,Gastro Prevádzky a Profesionáli > Nerezový nábytok > Umývacie stoly a drezy,gastromarket_stalgast,Rozmery (ŠxHxV),500x500x250,1200x700x850,TEXT_PARAM_MISMATCH,WARNING,Text dimensions 500x500x250 diverge from filter 1200x700x850
S980656150,Umývací stôl s jedným drezom a bez police  1500x600x850mm,Gastro Prevádzky a Profesionáli > Nerezový nábytok > Umývacie stoly a drezy,gastromarket_stalgast,Rozmery (ŠxHxV),400x400x250,1500x600x850,TEXT_PARAM_MISMATCH,WARNING,Text dimensions 400x400x250 diverge from filter 1500x600x850
S980646120,Umývací stôl s jedným drezom a bez police  1200x600x850mm,Gastro Prevádzky a Profesionáli > Nerezový nábytok > Umývacie stoly a drezy,gastromarket_stalgast,Rozmery (ŠxHxV),400x400x250,1200x600x850,TEXT_PARAM_MISMATCH,WARNING,Text dimensions 400x400x250 diverge from filter 1200x600x850
S980647140,Umývací stôl s jedným drezom a bez police  1400x700x850mm,Gastro Prevádzky a Profesionáli > Nerezový nábytok > Umývacie stoly a drezy,gastromarket_stalgast,Rozmery (ŠxHxV),500x500x250,1400x700x850,TEXT_PARAM_MISMATCH,WARNING,Text dimensions 500x500x250 diverge from filter 1400x700x850
S980657160,Umývací stôl s jedným drezom a bez police  1600x700x850mm,Gastro Prevádzky a Profesionáli > Nerezový nábytok > Umývacie stoly a drezy,gastromarket_stalgast,Rozmery (ŠxHxV),500x500x250,1600x700x850,TEXT_PARAM_MISMATCH,WARNING,Text dimensions 500x500x250 diverge from filter 1600x700x850
S980646130,Umývací stôl s jedným drezom a bez police  1300x600x850mm,Gastro Prevádzky a Profesionáli > Nerezový nábytok > Umývacie stoly a drezy,gastromarket_stalgast,Rozmery (ŠxHxV),400x400x250,1300x600x850,TEXT_PARAM_MISMATCH,WARNING,Text dimensions 400x400x250 diverge from filter 1300x600x850
S980656180,Umývací stôl s jedným drezom a bez police  1800x600x850mm,Gastro Prevádzky a Profesionáli > Nerezový nábytok > Umývacie stoly a drezy,gastromarket_stalgast,Rozmery (ŠxHxV),400x400x250,1800x600x850,TEXT_PARAM_MISMATCH,WARNING,Text dimensions 400x400x250 diverge from filter 1800x600x850
S980647100,Umývací stôl s jedným drezom a bez police  1000x700x850mm,Gastro Prevádzky a Profesionáli > Nerezový nábytok > Umývacie stoly a drezy,gastromarket_stalgast,Rozmery (ŠxHxV),500x500x250,1000x700x850,TEXT_PARAM_MISMATCH,WARNING,Text dimensions 500x500x250 diverge from filter 1000x700x850
S980697190,Umývací stôl s jedným drezom a s policou  1900x700x850mm,Gastro Prevádzky a Profesionáli > Nerezový nábytok > Umývacie stoly a drezy,gastromarket_stalgast,Rozmery (ŠxHxV),500x500x250,1900x700x850,TEXT_PARAM_MISMATCH,WARNING,Text dimensions 500x500x250 diverge from filter 1900x700x850
S980696090,Umývací stôl s jedným drezom a s policou  900x600x850mm,Gastro Prevádzky a Profesionáli > Nerezový nábytok > Umývacie stoly a drezy,gastromarket_stalgast,Rozmery (ŠxHxV),400x400x250,900x600x850,TEXT_PARAM_MISMATCH,WARNING,Text dimensions 400x400x250 diverge from filter 900x600x850
S980697160,Umývací stôl s jedným drezom a s policou  1600x700x850mm,Gastro Prevádzky a Profesionáli > Nerezový nábytok > Umývacie stoly a drezy,gastromarket_stalgast,Rozmery (ŠxHxV),500x500x250,1600x700x850,TEXT_PARAM_MISMATCH,WARNING,Text dimensions 500x500x250 diverge from filter 1600x700x850
S980696160,Umývací stôl s jedným drezom a s policou  1600x600x850mm,Gastro Prevádzky a Profesionáli > Nerezový nábytok > Umývacie stoly a drezy,gastromarket_stalgast,Rozmery (ŠxHxV),400x400x250,1600x600x850,TEXT_PARAM_MISMATCH,WARNING,Text dimensions 400x400x250 diverge from filter 1600x600x850
S980696150,Umývací stôl s jedným drezom a s policou  1500x600x850mm,Gastro Prevádzky a Profesionáli > Nerezový nábytok > Umývacie stoly a drezy,gastromarket_stalgast,Rozmery (ŠxHxV),400x400x250,1500x600x850,TEXT_PARAM_MISMATCH,WARNING,Text dimensions 400x400x250 diverge from filter 1500x600x850
S980696130,Umývací stôl s jedným drezom a s policou  1300x600x850mm,Gastro Prevádzky a Profesionáli > Nerezový nábytok > Umývacie stoly a drezy,gastromarket_stalgast,Rozmery (ŠxHxV),400x400x250,1300x600x850,TEXT_PARAM_MISMATCH,WARNING,Text dimensions 400x400x250 diverge from filter 1300x600x850
S980696100,Umývací stôl s jedným drezom a s policou  1000x600x850mm,Gastro Prevádzky a Profesionáli > Nerezový nábytok > Umývacie stoly a drezy,gastromarket_stalgast,Rozmery (ŠxHxV),400x400x250,1000x600x850,TEXT_PARAM_MISMATCH,WARNING,Text dimensions 400x400x250 diverge from filter 1000x600x850
S980696170,Umývací stôl s jedným drezom a s policou  1700x600x850mm,Gastro Prevádzky a Profesionáli > Nerezový nábytok > Umývacie stoly a drezy,gastromarket_stalgast,Rozmery (ŠxHxV),400x400x250,1700x600x850,TEXT_PARAM_MISMATCH,WARNING,Text dimensions 400x400x250 diverge from filter 1700x600x850
S980697170,Umývací stôl s jedným drezom a s policou  1700x700x850mm,Gastro Prevádzky a Profesionáli > Nerezový nábytok > Umývacie stoly a drezy,gastromarket_stalgast,Rozmery (ŠxHxV),500x500x250,1700x700x850,TEXT_PARAM_MISMATCH,WARNING,Text dimensions 500x500x250 diverge from filter 1700x700x850
S980697130,Umývací stôl s jedným drezom a s policou  1300x700x850mm,Gastro Prevádzky a Profesionáli > Nerezový nábytok > Umývacie stoly a drezy,gastromarket_stalgast,Rozmery (ŠxHxV),500x500x250,1300x700x850,TEXT_PARAM_MISMATCH,WARNING,Text dimensions 500x500x250 diverge from filter 1300x700x850
S980696070,Umývací stôl s jedným drezom a s policou  700x600x850mm,Gastro Prevádzky a Profesionáli > Nerezový nábytok > Umývacie stoly a drezy,gastromarket_stalgast,Rozmery (ŠxHxV),400x400x250,700x600x850,TEXT_PARAM_MISMATCH,WARNING,Text dimensions 400x400x250 diverge from filter 700x600x850
S980697080,Umývací stôl s jedným drezom a s policou  800x700x850mm,Gastro Prevádzky a Profesionáli > Nerezový nábytok > Umývacie stoly a drezy,gastromarket_stalgast,Rozmery (ŠxHxV),500x500x250,800x700x850,TEXT_PARAM_MISMATCH,WARNING,Text dimensions 500x500x250 diverge from filter 800x700x850
S980696140,Umývací stôl s jedným drezom a s policou  1400x600x850mm,Gastro Prevádzky a Profesionáli > Nerezový nábytok > Umývacie stoly a drezy,gastromarket_stalgast,Rozmery (ŠxHxV),400x400x250,1400x600x850,TEXT_PARAM_MISMATCH,WARNING,Text dimensions 400x400x250 diverge from filter 1400x600x850
S980696110,Umývací stôl s jedným drezom a s policou  1100x600x850mm,Gastro Prevádzky a Profesionáli > Nerezový nábytok > Umývacie stoly a drezy,gastromarket_stalgast,Rozmery (ŠxHxV),400x400x250,1100x600x850,TEXT_PARAM_MISMATCH,WARNING,Text dimensions 400x400x250 diverge from filter 1100x600x850
S980696180,Umývací stôl s jedným drezom a s policou  1800x600x850mm,Gastro Prevádzky a Profesionáli > Nerezový nábytok > Umývacie stoly a drezy,gastromarket_stalgast,Rozmery (ŠxHxV),400x400x250,1800x600x850,TEXT_PARAM_MISMATCH,WARNING,Text dimensions 400x400x250 diverge from filter 1800x600x850
S980697120,Umývací stôl s jedným drezom a s policou  1200x700x850mm,Gastro Prevádzky a Profesionáli > Nerezový nábytok > Umývacie stoly a drezy,gastromarket_stalgast,Rozmery (ŠxHxV),500x500x250,1200x700x850,TEXT_PARAM_MISMATCH,WARNING,Text dimensions 500x500x250 diverge from filter 1200x700x850
S801506,Umývačka riadu 500 STALGAST® bez odp. čerpadla,Gastro Prevádzky a Profesionáli > Umývacia technika > Umývačky riadu > Univerzálne umývačky,gastromarket_stalgast,Príkon (W),3.4 kW (3400 W),4900,TEXT_PARAM_MISMATCH,WARNING,Text states 3.4 kW (3400 W) but filter has 4900 W
S9716110,4-Plynový sporák s rúrou GN2/1,Gastro Prevádzky a Profesionáli > Varná technika > Varné linky a sporáky,gastromarket_stalgast,Príkon (W),3.5 kW (3500 W),7000,TEXT_PARAM_MISMATCH,WARNING,Text states 3.5 kW (3500 W) but filter has 7000 W
S773013,"Dvojitý plynový sporák, 1140x607, 2x9,0 kW, G30/37 mbar | STALGAST 773013",Gastro Prevádzky a Profesionáli > Varná technika > Varné stoličky a variče,gastromarket_stalgast,Príkon (W),9.0 kW (9000 W),18000,TEXT_PARAM_MISMATCH,WARNING,Text states 9.0 kW (9000 W) but filter has 18000 W
S746079,"Elektrická fritéza, 2-komorová, horizontálna, Caterina, V 2x5 l, P 2x3 kW | STALGAST 746079",Gastro Prevádzky a Profesionáli > Stolné varné zariadenia > Fritézy,gastromarket_stalgast,Príkon (W),3.0 kW (3000 W),6000,TEXT_PARAM_MISMATCH,WARNING,Text states 3.0 kW (3000 W) but filter has 6000 W
S9721000,Elektrické Bain Marie Stalgast 800,Gastro Prevádzky a Profesionáli > Varná technika > Vodné kúpele (Bain-Marie),gastromarket_stalgast,Rozmery (ŠxHxV),630x510x155,800x700x250,TEXT_PARAM_MISMATCH,WARNING,Text dimensions 630x510x155 diverge from filter 800x700x250
S9705500,Elektrický sklokeramický sporák – 2 Stalgast,Gastro Prevádzky a Profesionáli > Varná technika > Varné linky a sporáky,gastromarket_stalgast,Príkon (W),2.5 kW (2500 W),5000,TEXT_PARAM_MISMATCH,WARNING,Text states 2.5 kW (2500 W) but filter has 5000 W
S9715000,Elektrický sporák – 4 Stalgast s rúrou GN1/1,Gastro Prevádzky a Profesionáli > Varná technika > Varné linky a sporáky,gastromarket_stalgast,Príkon (W),10.4 kW (10400 W),17400,TEXT_PARAM_MISMATCH,WARNING,Text states 10.4 kW (10400 W) but filter has 17400 W
S9716000,Elektrický sporák – 4 Stalgast s rúrou GN2/1,Gastro Prevádzky a Profesionáli > Varná technika > Varné linky a sporáky,gastromarket_stalgast,Príkon (W),10.4 kW (10400 W),17400,TEXT_PARAM_MISMATCH,WARNING,Text states 10.4 kW (10400 W) but filter has 17400 W
S9717000,Elektrický sporák – 6 Stalgast s rúrou GN1/1,Gastro Prevádzky a Profesionáli > Varná technika > Varné linky a sporáky,gastromarket_stalgast,Príkon (W),15.6 kW (15600 W),22600,TEXT_PARAM_MISMATCH,WARNING,Text states 15.6 kW (15600 W) but filter has 22600 W
S9718000,Elektrický sporák – 6 Stalgast s rúrou GN2/1,Gastro Prevádzky a Profesionáli > Varná technika > Varné linky a sporáky,gastromarket_stalgast,Príkon (W),15.6 kW (15600 W),22600,TEXT_PARAM_MISMATCH,WARNING,Text states 15.6 kW (15600 W) but filter has 22600 W
S746068,Fritéza Caterina 2x5 l,Gastro Prevádzky a Profesionáli > Stolné varné zariadenia > Fritézy,gastromarket_stalgast,Príkon (W),2.0 kW (2000 W),4000,TEXT_PARAM_MISMATCH,WARNING,Text states 2.0 kW (2000 W) but filter has 4000 W
S746096,Fritéza Caterina 8 l,Gastro Prevádzky a Profesionáli > Stolné varné zariadenia > Fritézy,gastromarket_stalgast,Rozmery (ŠxHxV),220x210x123,300x510x390,TEXT_PARAM_MISMATCH,WARNING,Text dimensions 220x210x123 diverge from filter 300x510x390
S746782,"Indukčná fritéza, 2-komorová, V 2x8 l, P 2x3,5 kW | STALGAST 746782",Gastro Prevádzky a Profesionáli > Stolné varné zariadenia > Fritézy,gastromarket_stalgast,Príkon (W),3.5 kW (3500 W),7000,TEXT_PARAM_MISMATCH,WARNING,Text states 3.5 kW (3500 W) but filter has 7000 W
S777700,"Indukčná varná doska, 2-pólová, P 2x3kW | STALGAST 777700",Gastro Prevádzky a Profesionáli > Stolné varné zariadenia > Stolné indukčné variče,gastromarket_stalgast,Príkon (W),3.0 kW (3000 W),6000,TEXT_PARAM_MISMATCH,WARNING,Text states 3.0 kW (3000 W) but filter has 6000 W
S950118,"Kateringový stôl 183 x 76,2 x 74 cm",Gastro Prevádzky a Profesionáli > Transport a logistika > Cateringový nábytok,gastromarket_stalgast,Rozmery (ŠxHxV),915x762x45,1830x762x740,TEXT_PARAM_MISMATCH,WARNING,Text dimensions 915x762x45 diverge from filter 1830x762x740
S777218,"Kontaktný dvojitý gril, Majestic, P 2x2 kW, U 230 V | STALGAST 777218","Gastro Prevádzky a Profesionáli > Stolné varné zariadenia > Kontaktné grily, Hriankovače a Salamandre",gastromarket_stalgast,Príkon (W),2.0 kW (2000 W),4000,TEXT_PARAM_MISMATCH,WARNING,Text states 2.0 kW (2000 W) but filter has 4000 W
S742028,Kontaktný gril Caterina - DOUBLE,"Gastro Prevádzky a Profesionáli > Stolné varné zariadenia > Kontaktné grily, Hriankovače a Salamandre",gastromarket_stalgast,Príkon (W),1.8 kW (1800 W),3600,TEXT_PARAM_MISMATCH,WARNING,Text states 1.8 kW (1800 W) but filter has 3600 W
S692212,Lapač hmyzu LED - 2x 6W,Gastro Prevádzky a Profesionáli > Hygiena a sanitácia > Lapače hmyzu,gastromarket_stalgast,Príkon (W),0.006 kW (6 W),12,TEXT_PARAM_MISMATCH,WARNING,Text states 0.006 kW (6 W) but filter has 12 W
S692213,Lapač hmyzu LED - 2x 8W,Gastro Prevádzky a Profesionáli > Hygiena a sanitácia > Lapače hmyzu,gastromarket_stalgast,Príkon (W),0.008 kW (8 W),16,TEXT_PARAM_MISMATCH,WARNING,Text states 0.008 kW (8 W) but filter has 16 W
S775002,Mikrovlnná rúra STALGAST ECO,Gastro Prevádzky a Profesionáli > Varná technika > Rýchloohrevné a mikrovlnné rúry,gastromarket_stalgast,Rozmery (ŠxHxV),342x364x232,483x420x281,TEXT_PARAM_MISMATCH,WARNING,Text dimensions 342x364x232 diverge from filter 483x420x281
S775419,Mikrovlnná rúra SAMSUNG - 1850W - 2xmagnetrón - digitálne ovládanie,Gastro Prevádzky a Profesionáli > Varná technika > Rýchloohrevné a mikrovlnné rúry,gastromarket_stalgast,Rozmery (ŠxHxV),370x370x190,464x597x368,TEXT_PARAM_MISMATCH,WARNING,Text dimensions 370x370x190 diverge from filter 464x597x368
S9714310,"Plynový sporák s elektrickou rúrou, 1200x700, 25,5+6,5 kW, G20/20 mbar | STALGAST 9714310",Gastro Prevádzky a Profesionáli > Varná technika > Varné linky a sporáky,gastromarket_stalgast,Príkon (W),25.5 kW (25500 W),6500,TEXT_PARAM_MISMATCH,WARNING,Text states 25.5 kW (25500 W) but filter has 6500 W
S9714330,"Plynový sporák s elektrickou rúrou, 1200x700, 25,5+6,5 kW, G30/37 mbar | STALGAST 9714330",Gastro Prevádzky a Profesionáli > Varná technika > Varné linky a sporáky,gastromarket_stalgast,Príkon (W),25.5 kW (25500 W),6500,TEXT_PARAM_MISMATCH,WARNING,Text states 25.5 kW (25500 W) but filter has 6500 W
S9717130,"Plynový sporák s elektrickou rúrou, konvekcia, 1200x700, 32,5+7,0 kW, G30/37 mbar | STALGAST 9717130",Gastro Prevádzky a Profesionáli > Varná technika > Varné linky a sporáky,gastromarket_stalgast,Príkon (W),32.5 kW (32500 W),7000,TEXT_PARAM_MISMATCH,WARNING,Text states 32.5 kW (32500 W) but filter has 7000 W
S9717230,"Plynový sporák s elektrickou rúrou, konvekcia, 1200x700, 36,5+7,0 kW, G30/37 mbar | STALGAST 9717230",Gastro Prevádzky a Profesionáli > Varná technika > Varné linky a sporáky,gastromarket_stalgast,Príkon (W),36.5 kW (36500 W),7000,TEXT_PARAM_MISMATCH,WARNING,Text states 36.5 kW (36500 W) but filter has 7000 W
S9718230,"Plynový sporák s elektrickou rúrou, statický, 1200x700, 36,5+7,0 kW, G30/37 mbar | STALGAST 9718230",Gastro Prevádzky a Profesionáli > Varná technika > Varné linky a sporáky,gastromarket_stalgast,Príkon (W),36.5 kW (36500 W),7000,TEXT_PARAM_MISMATCH,WARNING,Text states 36.5 kW (36500 W) but filter has 7000 W
S9716210,"Plynový sporák s elektrickou rúrou, statický, 800x700, 22,5+7,0 kW, G20/20 mbar | STALGAST 9716210",Gastro Prevádzky a Profesionáli > Varná technika > Varné linky a sporáky,gastromarket_stalgast,Príkon (W),22.5 kW (22500 W),7000,TEXT_PARAM_MISMATCH,WARNING,Text states 22.5 kW (22500 W) but filter has 7000 W
S9716330,"Plynový sporák s elektrickou rúrou, statický, 800x700, 24,0+7,0 kW, G30/37 mbar | STALGAST 9716330",Gastro Prevádzky a Profesionáli > Varná technika > Varné linky a sporáky,gastromarket_stalgast,Príkon (W),24.0 kW (24000 W),7000,TEXT_PARAM_MISMATCH,WARNING,Text states 24.0 kW (24000 W) but filter has 7000 W
S9710230,"Plynový sporák s plynovou rúrou, 800x700, 22,5+5,0 kW, G30/37 mbar | STALGAST 9710230",Gastro Prevádzky a Profesionáli > Varná technika > Varné linky a sporáky,gastromarket_stalgast,Príkon (W),22.5 kW (22500 W),27500,TEXT_PARAM_MISMATCH,WARNING,Text states 22.5 kW (22500 W) but filter has 27500 W
S786961,"Samostatne stojaci rozvaľkávač cesta, 1020x3050x1290 mm, P 0,75 kW, U 230-400/3 V | STALGAST 786961",Gastro Prevádzky a Profesionáli > Pizza a cestoviny > Tvarovače a lisy na cesto,gastromarket_stalgast,Napätie (V),400,230,TEXT_PARAM_MISMATCH,INFO,Text mentions 400 V but filter has 230 V
S746070,"Stolová fritéza | dvojitá | objem 2x 3 l | 2x 2,2 kW | GREDIL | STALGAST 746070",Gastro Prevádzky a Profesionáli > Stolné varné zariadenia > Fritézy,gastromarket_stalgast,Príkon (W),2.2 kW (2200 W),4400,TEXT_PARAM_MISMATCH,WARNING,Text states 2.2 kW (2200 W) but filter has 4400 W
S057301,Termoizolačná nádoba na pizza-kartóný,Gastro Prevádzky a Profesionáli > Transport a logistika > Thermoboxy a termoporty,gastromarket_stalgast,Rozmery (ŠxHxV),41x41x33,410x410x330,TEXT_PARAM_MISMATCH,WARNING,Text dimensions 41x41x33 diverge from filter 410x410x330
S980756100,Umývací stôl krytovaný s drezom VLAVO a posuvnými dvierkami | nerez AISI 445 | drez 400×400×250 mm | 1000×600×850 mm | 980756100,Gastro Prevádzky a Profesionáli > Nerezový nábytok > Umývacie stoly a drezy,gastromarket_stalgast,Rozmery (ŠxHxV),400x400x250,1000x600x850,TEXT_PARAM_MISMATCH,WARNING,Text dimensions 400x400x250 diverge from filter 1000x600x850
S980756080,Umývací stôl krytovaný s drezom a s posuvnými dvierkami  800x600x850mm umývadlo vľavo,Gastro Prevádzky a Profesionáli > Nerezový nábytok > Umývacie stoly a drezy,gastromarket_stalgast,Rozmery (ŠxHxV),400x400x250,800x600x850,TEXT_PARAM_MISMATCH,WARNING,Text dimensions 400x400x250 diverge from filter 800x600x850
S980886110,Umývací stôl krytovaný s dvojdrezomVĽAVO  a s krídlovými dvierkami  1100x600x850mm,Gastro Prevádzky a Profesionáli > Nerezový nábytok > Umývacie stoly a drezy,gastromarket_stalgast,Rozmery (ŠxHxV),400x400x250,1100x600x850,TEXT_PARAM_MISMATCH,WARNING,Text dimensions 400x400x250 diverge from filter 1100x600x850
S980917150,Umývací stôl krytovaný s dvojdrezom vľavo a s posuvnými dvierkami  1500x700x850mm,Gastro Prevádzky a Profesionáli > Nerezový nábytok > Umývacie stoly a drezy,gastromarket_stalgast,Rozmery (ŠxHxV),500x500x250,1500x700x850,TEXT_PARAM_MISMATCH,WARNING,Text dimensions 500x500x250 diverge from filter 1500x700x850
S980846170,Umývací stôl s dvojdrezom VLAVO  a s policou  1700x600x850mm,Gastro Prevádzky a Profesionáli > Nerezový nábytok > Umývacie stoly a drezy,gastromarket_stalgast,Rozmery (ŠxHxV),400x400x250,1700x600x850,TEXT_PARAM_MISMATCH,WARNING,Text dimensions 400x400x250 diverge from filter 1700x600x850
S980846160,Umývací stôl s dvojdrezom VĽAVO a s policou  1600x600x850mm,Gastro Prevádzky a Profesionáli > Nerezový nábytok > Umývacie stoly a drezy,gastromarket_stalgast,Rozmery (ŠxHxV),400x400x250,1600x600x850,TEXT_PARAM_MISMATCH,WARNING,Text dimensions 400x400x250 diverge from filter 1600x600x850
S980846130,Umývací stôl s dvojdrezom vľavo a s policou  1300x600x850mm,Gastro Prevádzky a Profesionáli > Nerezový nábytok > Umývacie stoly a drezy,gastromarket_stalgast,Rozmery (ŠxHxV),400x400x250,1300x600x850,TEXT_PARAM_MISMATCH,WARNING,Text dimensions 400x400x250 diverge from filter 1300x600x850
S980666100,Umývací stôl s jedným drezom a bez police  1000x600x850mm drez vlavo,Gastro Prevádzky a Profesionáli > Nerezový nábytok > Umývacie stoly a drezy,gastromarket_stalgast,Rozmery (ŠxHxV),400x400x250,1000x600x850,TEXT_PARAM_MISMATCH,WARNING,Text dimensions 400x400x250 diverge from filter 1000x600x850
S980667100,Umývací stôl s jedným drezom a bez police  1000x700x850mm - drez vľavo ),Gastro Prevádzky a Profesionáli > Nerezový nábytok > Umývacie stoly a drezy,gastromarket_stalgast,Rozmery (ŠxHxV),500x500x250,1000x700x850,TEXT_PARAM_MISMATCH,WARNING,Text dimensions 500x500x250 diverge from filter 1000x700x850
S980706080,Umývací stôl s jedným drezom a s policou 800x600x850mm - drez VĽAVO,Gastro Prevádzky a Profesionáli > Nerezový nábytok > Umývacie stoly a drezy,gastromarket_stalgast,Rozmery (ŠxHxV),400x400x250,800x600x850,TEXT_PARAM_MISMATCH,WARNING,Text dimensions 400x400x250 diverge from filter 800x600x850
S982367170,Umývací stôl s jedným drezom a zásuvkami 1700x700x850 mm,Gastro Prevádzky a Profesionáli > Nerezový nábytok > Umývacie stoly a drezy,gastromarket_stalgast,Rozmery (ŠxHxV),500x500x250,1700x700x850,TEXT_PARAM_MISMATCH,WARNING,Text dimensions 500x500x250 diverge from filter 1700x700x850
S980666070,Umývací stôl s jedným drezom vľavo a bez police  700x600x850mm,Gastro Prevádzky a Profesionáli > Nerezový nábytok > Umývacie stoly a drezy,gastromarket_stalgast,Rozmery (ŠxHxV),400x400x250,700x600x850,TEXT_PARAM_MISMATCH,WARNING,Text dimensions 400x400x250 diverge from filter 700x600x850
S980706120,Umývací stôl s jedným drezom vľavo a s policou  1200x600x850mm,Gastro Prevádzky a Profesionáli > Nerezový nábytok > Umývacie stoly a drezy,gastromarket_stalgast,Rozmery (ŠxHxV),400x400x250,1200x600x850,TEXT_PARAM_MISMATCH,WARNING,Text dimensions 400x400x250 diverge from filter 1200x600x850
S980707130,Umývací stôl s jedným drezom vľavo a s policou  1300x700x850mm,Gastro Prevádzky a Profesionáli > Nerezový nábytok > Umývacie stoly a drezy,gastromarket_stalgast,Rozmery (ŠxHxV),500x500x250,1300x700x850,TEXT_PARAM_MISMATCH,WARNING,Text dimensions 500x500x250 diverge from filter 1300x700x850
S980706160,Umývací stôl s jedným drezom vľavo a s policou  1600x600x850mm,Gastro Prevádzky a Profesionáli > Nerezový nábytok > Umývacie stoly a drezy,gastromarket_stalgast,Rozmery (ŠxHxV),400x400x250,1600x600x850,TEXT_PARAM_MISMATCH,WARNING,Text dimensions 400x400x250 diverge from filter 1600x600x850
S801502,"Umývačka riadu s parným dnom, univerzálna, dávkovač čistiaceho prostriedku, P 3,4/4,9 kW, U 230/400 V | STALGAST 801502",Gastro Prevádzky a Profesionáli > Umývacia technika > Umývačky riadu > Univerzálne umývačky,gastromarket_stalgast,Príkon (W),3.4 kW (3400 W),4900,TEXT_PARAM_MISMATCH,WARNING,Text states 3.4 kW (3400 W) but filter has 4900 W
S691935,Zatavovací stroj na obaly EKO,Gastro Prevádzky a Profesionáli > Skladovanie a balenie > Baliace stroje,gastromarket_stalgast,Rozmery (ŠxHxV),227x178x100,250x565x220,TEXT_PARAM_MISMATCH,WARNING,Text dimensions 227x178x100 diverge from filter 250x565x220
ROLLER GRILL_PZ430S,Pec na pizzu PZ 430 S,Gastro Prevádzky a Profesionáli > Pizza a cestoviny > Pece na pizzu,forgastro,Rozmery (ŠxHxV),430x430x110,670x580x270,TEXT_PARAM_MISMATCH,WARNING,Text dimensions 430x430x110 diverge from filter 670x580x270
ROLLER GRILL_PZ430D,Pec na pizzu PZ 430 D,Gastro Prevádzky a Profesionáli > Pizza a cestoviny > Pece na pizzu,forgastro,Rozmery (ŠxHxV),430x430x110,670x580x500,TEXT_PARAM_MISMATCH,WARNING,Text dimensions 430x430x110 diverge from filter 670x580x500
ROLLER GRILL_PZ4302D,Pec na pizzu PZ 4302 D,Gastro Prevádzky a Profesionáli > Pizza a cestoviny > Pece na pizzu,forgastro,Rozmery (ŠxHxV),660x430x110,895x580x270,TEXT_PARAM_MISMATCH,WARNING,Text dimensions 660x430x110 diverge from filter 895x580x270
ROLLER GRILL_PID30,Indukčná platňa PID 30,Gastro Prevádzky a Profesionáli > Stolné varné zariadenia > Stolné indukčné variče,forgastro,Príkon (W),3.0 kW (3000 W),6000,TEXT_PARAM_MISMATCH,WARNING,Text states 3.0 kW (3000 W) but filter has 6000 W
ROLLER GRILL_MF120DR,Elektrická stolová fritéza MF 120 DR,Gastro Prevádzky a Profesionáli > Stolné varné zariadenia > Fritézy,forgastro,Príkon (W),4.0 kW (4000 W),12800,TEXT_PARAM_MISMATCH,WARNING,Text states 4.0 kW (4000 W) but filter has 12800 W
ROLLER GRILL_MF120DR,Elektrická stolová fritéza MF 120 DR,Gastro Prevádzky a Profesionáli > Stolné varné zariadenia > Fritézy,forgastro,Rozmery (ŠxHxV),280x250x110,720x470x350,TEXT_PARAM_MISMATCH,WARNING,Text dimensions 280x250x110 diverge from filter 720x470x350
ROLLER GRILL_MF 120 R,Elektrická stolová fritéza MF 120 R,Gastro Prevádzky a Profesionáli > Stolné varné zariadenia > Fritézy,forgastro,Rozmery (ŠxHxV),280x250x110,350x470x350,TEXT_PARAM_MISMATCH,WARNING,Text dimensions 280x250x110 diverge from filter 350x470x350
ROLLER GRILL_HD 800,Pultová vyhrievaná vitrína HD 800,Gastro Prevádzky a Profesionáli > Vitríny > Ohrevné vitríny,forgastro,Rozmery (ŠxHxV),665x620x410,785x675x720,TEXT_PARAM_MISMATCH,WARNING,Text dimensions 665x620x410 diverge from filter 785x675x720
ROLLER GRILL_HD 1200,Pultová vyhrievaná vitrína HD 1200,Gastro Prevádzky a Profesionáli > Vitríny > Ohrevné vitríny,forgastro,Rozmery (ŠxHxV),1065x620x410,1185x675x720,TEXT_PARAM_MISMATCH,WARNING,Text dimensions 1065x620x410 diverge from filter 1185x675x720
ROLLER GRILL_GVD335,Sklo-keramický gril GVD 335,Gastro Prevádzky a Profesionáli > Varná technika > Grily > Sklokeramické grily,forgastro,Príkon (W),3.0 kW (3000 W),6000,TEXT_PARAM_MISMATCH,WARNING,Text states 3.0 kW (3000 W) but filter has 6000 W
ROLLER GRILL_GES20,Vaflovač GES 20,Gastro Prevádzky a Profesionáli > Stolné varné zariadenia > Palacinkovače a vaflovače,forgastro,Rozmery (ŠxHxV),100x180x26,305x510x310,TEXT_PARAM_MISMATCH,WARNING,Text dimensions 100x180x26 diverge from filter 305x510x310
ROLLER GRILL_GES10,Vaflovač GES 10,Gastro Prevádzky a Profesionáli > Stolné varné zariadenia > Palacinkovače a vaflovače,forgastro,Rozmery (ŠxHxV),100x170x22,305x510x310,TEXT_PARAM_MISMATCH,WARNING,Text dimensions 100x170x22 diverge from filter 305x510x310
ROLLER GRILL_GED20,Vaflovač GED 20,Gastro Prevádzky a Profesionáli > Stolné varné zariadenia > Palacinkovače a vaflovače,forgastro,Rozmery (ŠxHxV),100x180x26,585x510x310,TEXT_PARAM_MISMATCH,WARNING,Text dimensions 100x180x26 diverge from filter 585x510x310
ROLLER GRILL_GED10,Vaflovač GED 10,Gastro Prevádzky a Profesionáli > Stolné varné zariadenia > Palacinkovače a vaflovače,forgastro,Rozmery (ŠxHxV),100x184x22,585x510x310,TEXT_PARAM_MISMATCH,WARNING,Text dimensions 100x184x22 diverge from filter 585x510x310
ROLLER GRILL_FSC 1200,Mobilná chladiaca vitrína FSC 1200,Gastro Prevádzky a Profesionáli > Vitríny > Chladiace vitríny,forgastro,Rozmery (ŠxHxV),1150x650x665,1200x750x1400,TEXT_PARAM_MISMATCH,WARNING,Text dimensions 1150x650x665 diverge from filter 1200x750x1400
ROLLER GRILL_FD80D,Elektrická stolová fritéza FD 80 D,Gastro Prevádzky a Profesionáli > Stolné varné zariadenia > Fritézy,forgastro,Príkon (W),3.4 kW (3400 W),6800,TEXT_PARAM_MISMATCH,WARNING,Text states 3.4 kW (3400 W) but filter has 6800 W
ROLLER GRILL_FD80D,Elektrická stolová fritéza FD 80 D,Gastro Prevádzky a Profesionáli > Stolné varné zariadenia > Fritézy,forgastro,Rozmery (ŠxHxV),220x260x100,540x425x320,TEXT_PARAM_MISMATCH,WARNING,Text dimensions 220x260x100 diverge from filter 540x425x320
ROLLER GRILL_FD80,Elektrická stolová fritéza FD 80,Gastro Prevádzky a Profesionáli > Stolné varné zariadenia > Fritézy,forgastro,Rozmery (ŠxHxV),220x260x100,280x425x320,TEXT_PARAM_MISMATCH,WARNING,Text dimensions 220x260x100 diverge from filter 280x425x320
ROLLER GRILL_FD50D,Elektrická stolová fritéza FD 50 D,Gastro Prevádzky a Profesionáli > Stolné varné zariadenia > Fritézy,forgastro,Príkon (W),3.2 kW (3200 W),6400,TEXT_PARAM_MISMATCH,WARNING,Text states 3.2 kW (3200 W) but filter has 6400 W
ROLLER GRILL_FD50,Elektrická stolová fritéza FD 50,Gastro Prevádzky a Profesionáli > Stolné varné zariadenia > Fritézy,forgastro,Rozmery (ŠxHxV),140x260x100,215x425x320,TEXT_PARAM_MISMATCH,WARNING,Text dimensions 140x260x100 diverge from filter 215x425x320
ROLLER GRILL_FC60TQ,Konvektická rúra FC 60 TQ,Gastro Prevádzky a Profesionáli > Varná technika > Teplovzdušné a pekárske pece,forgastro,Rozmery (ŠxHxV),470x370x350,595x610x590,TEXT_PARAM_MISMATCH,WARNING,Text dimensions 470x370x350 diverge from filter 595x610x590
ROLLER GRILL_FC380TQ,Konvektická rúra FC 380 TQ,Gastro Prevádzky a Profesionáli > Varná technika > Teplovzdušné a pekárske pece,forgastro,Rozmery (ŠxHxV),415x350x265,550x550x355,TEXT_PARAM_MISMATCH,WARNING,Text dimensions 415x350x265 diverge from filter 550x550x355
ROLLER GRILL_FC380,Konvektická rúra FC 380,Gastro Prevádzky a Profesionáli > Varná technika > Teplovzdušné a pekárske pece,forgastro,Rozmery (ŠxHxV),415x350x265,550x550x355,TEXT_PARAM_MISMATCH,WARNING,Text dimensions 415x350x265 diverge from filter 550x550x355
ROLLER GRILL_FC280,Konvektická rúra FC 280,Gastro Prevádzky a Profesionáli > Varná technika > Teplovzdušné a pekárske pece,forgastro,Rozmery (ŠxHxV),320x325x265,460x550x355,TEXT_PARAM_MISMATCH,WARNING,Text dimensions 320x325x265 diverge from filter 460x550x355
ROLLER GRILL_FC110EG,Konvektická rúra FC 110 EG,Gastro Prevádzky a Profesionáli > Varná technika > Teplovzdušné a pekárske pece,forgastro,Rozmery (ŠxHxV),670x440x350,795x755x595,TEXT_PARAM_MISMATCH,WARNING,Text dimensions 670x440x350 diverge from filter 795x755x595
ROLLER GRILL_FC110E,Konvektická rúra FC 110 E,Gastro Prevádzky a Profesionáli > Varná technika > Teplovzdušné a pekárske pece,forgastro,Rozmery (ŠxHxV),670x440x350,795x755x595,TEXT_PARAM_MISMATCH,WARNING,Text dimensions 670x440x350 diverge from filter 795x755x595
ROLLER GRILL_EP800,Kysiareň EP 800,Gastro Prevádzky a Profesionáli > Varná technika > Teplovzdušné a pekárske pece,forgastro,Rozmery (ŠxHxV),600x545x680,795x640x910,TEXT_PARAM_MISMATCH,WARNING,Text dimensions 600x545x680 diverge from filter 795x640x910
ROLLER GRILL_DOUBLE PREMIUM,Kontaktný gril DOUBLE PREMIUM,"Gastro Prevádzky a Profesionáli > Stolné varné zariadenia > Kontaktné grily, Hriankovače a Salamandre",forgastro,Príkon (W),3.4 kW (3400 W),6800,TEXT_PARAM_MISMATCH,WARNING,Text states 3.4 kW (3400 W) but filter has 6800 W
ROLLER GRILL_DOUBLE PREMIUM,Kontaktný gril DOUBLE PREMIUM,"Gastro Prevádzky a Profesionáli > Stolné varné zariadenia > Kontaktné grily, Hriankovače a Salamandre",forgastro,Napätie (V),230,400,TEXT_PARAM_MISMATCH,INFO,Text mentions 230 V but filter has 400 V
P781704,Plynová pizzapec GAS XL 4,Gastro Prevádzky a Profesionáli > Pizza a cestoviny > Pece na pizzu,gastromarket,Rozmery (ŠxHxV),720x720x150,1110x1180x540,TEXT_PARAM_MISMATCH,WARNING,Text dimensions 720x720x150 diverge from filter 1110x1180x540
P781522,Pizapec dvojkomorová BASIC XL12 na šírku,Gastro Prevádzky a Profesionáli > Pizza a cestoviny > Pece na pizzu,gastromarket,Rozmery (ŠxHxV),1080x720x140,1305x955x745,TEXT_PARAM_MISMATCH,WARNING,Text dimensions 1080x720x140 diverge from filter 1305x955x745
P781518,Pizzapec dvojkomorová BASIC XL18,Gastro Prevádzky a Profesionáli > Pizza a cestoviny > Pece na pizzu,gastromarket,Rozmery (ŠxHxV),1080x1080x140,1360x1315x745,TEXT_PARAM_MISMATCH,WARNING,Text dimensions 1080x1080x140 diverge from filter 1360x1315x745
P781516,Pizapec jednokomorová BASIC XL6 na šírku,Gastro Prevádzky a Profesionáli > Pizza a cestoviny > Pece na pizzu,gastromarket,Rozmery (ŠxHxV),1080x720x140,1305x955x415,TEXT_PARAM_MISMATCH,WARNING,Text dimensions 1080x720x140 diverge from filter 1305x955x415
P781509,Pizapec jednokomorová BASIC XL9 na hĺbku,Gastro Prevádzky a Profesionáli > Pizza a cestoviny > Pece na pizzu,gastromarket,Rozmery (ŠxHxV),720x1080x140,1360x1315x415,TEXT_PARAM_MISMATCH,WARNING,Text dimensions 720x1080x140 diverge from filter 1360x1315x415
P781508,Pizapec dvojkomorová BASIC XL44 (kópia),Gastro Prevádzky a Profesionáli > Pizza a cestoviny > Pece na pizzu,gastromarket,Rozmery (ŠxHxV),720x720x140,1000x945x745,TEXT_PARAM_MISMATCH,WARNING,Text dimensions 720x720x140 diverge from filter 1000x945x745
P781504,Pizapec jednokomorová BASIC XL4,Gastro Prevádzky a Profesionáli > Pizza a cestoviny > Pece na pizzu,gastromarket,Rozmery (ŠxHxV),720x720x140,1000x945x415,TEXT_PARAM_MISMATCH,WARNING,Text dimensions 720x720x140 diverge from filter 1000x945x415
P781412,Dvojkomorová pizzapec MIDI - 2x45cm pizza - so sklom,Gastro Prevádzky a Profesionáli > Pizza a cestoviny > Pece na pizzu,gastromarket,Rozmery (ŠxHxV),620x500x120,915x690x625,TEXT_PARAM_MISMATCH,WARNING,Text dimensions 620x500x120 diverge from filter 915x690x625
P781411,Jednokomorová pizzapec MIDI - 1x45cm pizza - so sklom,Gastro Prevádzky a Profesionáli > Pizza a cestoviny > Pece na pizzu,gastromarket,Rozmery (ŠxHxV),620x500x120,915x690x360,TEXT_PARAM_MISMATCH,WARNING,Text dimensions 620x500x120 diverge from filter 915x690x360
P781402,Dvojkomorová pizzapec MINI - 2x34cm pizza - so sklom,Gastro Prevádzky a Profesionáli > Pizza a cestoviny > Pece na pizzu,gastromarket,Rozmery (ŠxHxV),410x360x90,615x500x430,TEXT_PARAM_MISMATCH,WARNING,Text dimensions 410x360x90 diverge from filter 615x500x430
P774140,Elektricky gyros POTIS E3,Gastro Prevádzky a Profesionáli > Varná technika > Grily > Grily na gyros a kebab,gastromarket,Napätie (V),230,400,TEXT_PARAM_MISMATCH,INFO,Text mentions 230 V but filter has 400 V
P774130,Elektricky gyros POTIS E2,Gastro Prevádzky a Profesionáli > Varná technika > Grily > Grily na gyros a kebab,gastromarket,Napätie (V),230,400,TEXT_PARAM_MISMATCH,INFO,Text mentions 230 V but filter has 400 V
P774120,Elektricky gyros POTIS E1,Gastro Prevádzky a Profesionáli > Varná technika > Grily > Grily na gyros a kebab,gastromarket,Napätie (V),230,400,TEXT_PARAM_MISMATCH,INFO,Text mentions 230 V but filter has 400 V
MORETTI FORNI_TT98G,Priebežná pec na pizzu TT 98 G,Gastro Prevádzky a Profesionáli > Pizza a cestoviny > Pece na pizzu,forgastro,Príkon (W),30.0 kW (30000 W),70,TEXT_PARAM_MISMATCH,WARNING,Text states 30.0 kW (30000 W) but filter has 70 W
MORETTI FORNI_TT98E,Priebežná pec na pizzu TT 98 E,Gastro Prevádzky a Profesionáli > Pizza a cestoviny > Pece na pizzu,forgastro,Príkon (W),8.8 kW (8800 W),21800,TEXT_PARAM_MISMATCH,WARNING,Text states 8.8 kW (8800 W) but filter has 21800 W
MORETTI FORNI_TT96E,Priebežná pec na pizzu TT 96 E,Gastro Prevádzky a Profesionáli > Pizza a cestoviny > Pece na pizzu,forgastro,Príkon (W),7.8 kW (7800 W),17800,TEXT_PARAM_MISMATCH,WARNING,Text states 7.8 kW (7800 W) but filter has 17800 W
MORETTI FORNI_T75G,Priebežná pec na pizzu T 75 G,Gastro Prevádzky a Profesionáli > Pizza a cestoviny > Pece na pizzu,core,Príkon (W),17.0 kW (17000 W),670,TEXT_PARAM_MISMATCH,WARNING,Text states 17.0 kW (17000 W) but filter has 670 W
MORETTI FORNI_T75E,Priebežná pec na pizzu T 75 E,Gastro Prevádzky a Profesionáli > Pizza a cestoviny > Pece na pizzu,forgastro,Príkon (W),8.3 kW (8300 W),16550,TEXT_PARAM_MISMATCH,WARNING,Text states 8.3 kW (8300 W) but filter has 16550 W
MORETTI FORNI_T64E,Priebežná pec na pizzu T 64 E,Gastro Prevádzky a Profesionáli > Pizza a cestoviny > Pece na pizzu,forgastro,Príkon (W),3.5 kW (3500 W),6900,TEXT_PARAM_MISMATCH,WARNING,Text states 3.5 kW (3500 W) but filter has 6900 W
MORETTI FORNI_PM72.72,Pec na pizzu PM 72.72,Gastro Prevádzky a Profesionáli > Pizza a cestoviny > Pece na pizzu,core,Rozmery (ŠxHxV),720x720x140,988x1082x463,TEXT_PARAM_MISMATCH,WARNING,Text dimensions 720x720x140 diverge from filter 988x1082x463
MORETTI FORNI_PM65.105,Pec na pizzu PM 65.105,Gastro Prevádzky a Profesionáli > Pizza a cestoviny > Pece na pizzu,core,Rozmery (ŠxHxV),660x1060x140,924x1425x463,TEXT_PARAM_MISMATCH,WARNING,Text dimensions 660x1060x140 diverge from filter 924x1425x463
MORETTI FORNI_PM60.60,Pec na pizzu PM 60.60,Gastro Prevádzky a Profesionáli > Pizza a cestoviny > Pece na pizzu,core,Rozmery (ŠxHxV),610x660x140,850x921x481,TEXT_PARAM_MISMATCH,WARNING,Text dimensions 610x660x140 diverge from filter 850x921x481
MORETTI FORNI_PM105.65,Pec na pizzu PM 105.65,Gastro Prevádzky a Profesionáli > Pizza a cestoviny > Pece na pizzu,core,Rozmery (ŠxHxV),1050x660x140,1320x1025x463,TEXT_PARAM_MISMATCH,WARNING,Text dimensions 1050x660x140 diverge from filter 1320x1025x463
MORETTI FORNI_PM105.105,Pec na pizzu PM 105.105,Gastro Prevádzky a Profesionáli > Pizza a cestoviny > Pece na pizzu,core,Rozmery (ŠxHxV),1060x1060x140,1320x1425x463,TEXT_PARAM_MISMATCH,WARNING,Text dimensions 1060x1060x140 diverge from filter 1320x1425x463
MORETTI FORNI_PD72.72,Pec na pizzu PD 72.72,Gastro Prevádzky a Profesionáli > Pizza a cestoviny > Pece na pizzu,core,Rozmery (ŠxHxV),720x720x140,988x1082x760,TEXT_PARAM_MISMATCH,WARNING,Text dimensions 720x720x140 diverge from filter 988x1082x760
MORETTI FORNI_PD105.65,Pec na pizzu PD 105.65,Gastro Prevádzky a Profesionáli > Pizza a cestoviny > Pece na pizzu,core,Rozmery (ŠxHxV),1050x660x140,1320x1025x760,TEXT_PARAM_MISMATCH,WARNING,Text dimensions 1050x660x140 diverge from filter 1320x1025x760
MORETTI FORNI_PD105.105,Pec na pizzu PD 105.105,Gastro Prevádzky a Profesionáli > Pizza a cestoviny > Pece na pizzu,core,Rozmery (ŠxHxV),1060x1060x140,1320x1425x760,TEXT_PARAM_MISMATCH,WARNING,Text dimensions 1060x1060x140 diverge from filter 1320x1425x760
MORETTI FORNI_NEAPOLIS 4,Pec na pizzu Neapolis 4,Gastro Prevádzky a Profesionáli > Pizza a cestoviny > Pece na pizzu,forgastro,Rozmery (ŠxHxV),750x753x150,1084x1414x1995,TEXT_PARAM_MISMATCH,WARNING,Text dimensions 750x753x150 diverge from filter 1084x1414x1995
K999213,Plynový sporák 900 so 6 horákmi - elektrickou rúrou GN2/1 - 1200x900x900 mm,Gastro Prevádzky a Profesionáli > Varná technika > Varné linky a sporáky,gastromarket,Príkon (W),57.0 kW (57000 W),6500,TEXT_PARAM_MISMATCH,WARNING,Text states 57.0 kW (57000 W) but filter has 6500 W
K999211,Plynový sporák 900 so 4 horákmi - elektrickou rúrou GN2/1 - 800x900x900 mm,Gastro Prevádzky a Profesionáli > Varná technika > Varné linky a sporáky,gastromarket,Príkon (W),38.0 kW (38000 W),6500,TEXT_PARAM_MISMATCH,WARNING,Text states 38.0 kW (38000 W) but filter has 6500 W
SIMAG_SDE84W,Výrobník kališkového ľadu chladený vodou SDE 84 W,Gastro Prevádzky a Profesionáli > Bar a kaviareň > Výrobníky a drviče ľadu,forgastro,Rozmery (ŠxHxV),35x29x36,670x595x892,TEXT_PARAM_MISMATCH,WARNING,Text dimensions 35x29x36 diverge from filter 670x595x892
SIMAG_SDE64W,Výrobník kališkového ľadu chladený vodou SDE 64 W,Gastro Prevádzky a Profesionáli > Bar a kaviareň > Výrobníky a drviče ľadu,forgastro,Rozmery (ŠxHxV),35x29x36,486x575x816,TEXT_PARAM_MISMATCH,WARNING,Text dimensions 35x29x36 diverge from filter 486x575x816
SIMAG_SDE64A,Výrobník kališkového ľadu chladený vzduchom SDE 64 A,Gastro Prevádzky a Profesionáli > Bar a kaviareň > Výrobníky a drviče ľadu,forgastro,Rozmery (ŠxHxV),35x29x36,486x575x816,TEXT_PARAM_MISMATCH,WARNING,Text dimensions 35x29x36 diverge from filter 486x575x816
SIMAG_SDE50W,Výrobník kališkového ľadu chladený vodou SDE 50 W,Gastro Prevádzky a Profesionáli > Bar a kaviareň > Výrobníky a drviče ľadu,forgastro,Rozmery (ŠxHxV),35x29x36,486x575x721,TEXT_PARAM_MISMATCH,WARNING,Text dimensions 35x29x36 diverge from filter 486x575x721
SIMAG_SDE50A,Výrobník kališkového ľadu chladený vzduchom SDE 50 A,Gastro Prevádzky a Profesionáli > Bar a kaviareň > Výrobníky a drviče ľadu,forgastro,Rozmery (ŠxHxV),35x29x36,486x575x816,TEXT_PARAM_MISMATCH,WARNING,Text dimensions 35x29x36 diverge from filter 486x575x816
SIMAG_SDE40W,Výrobník kališkového ľadu chladený vodou SDE 40 W,Gastro Prevádzky a Profesionáli > Bar a kaviareň > Výrobníky a drviče ľadu,forgastro,Rozmery (ŠxHxV),35x29x36,379x555x637,TEXT_PARAM_MISMATCH,WARNING,Text dimensions 35x29x36 diverge from filter 379x555x637
SIMAG_SDE40A,Výrobník kališkového ľadu chladený vzduchom SDE 40 A,Gastro Prevádzky a Profesionáli > Bar a kaviareň > Výrobníky a drviče ľadu,forgastro,Rozmery (ŠxHxV),35x29x36,379x555x637,TEXT_PARAM_MISMATCH,WARNING,Text dimensions 35x29x36 diverge from filter 379x555x637
SIMAG_SDE18W,Výrobník kališkového ľadu chladený vodou SDE 18 W,Gastro Prevádzky a Profesionáli > Bar a kaviareň > Výrobníky a drviče ľadu,forgastro,Rozmery (ŠxHxV),35x29x36,334x457x552,TEXT_PARAM_MISMATCH,WARNING,Text dimensions 35x29x36 diverge from filter 334x457x552
SIMAG_SDE18A,Výrobník kališkového ľadu chladený vzduchom SDE 18 A,Gastro Prevádzky a Profesionáli > Bar a kaviareň > Výrobníky a drviče ľadu,forgastro,Rozmery (ŠxHxV),35x29x36,334x457x552,TEXT_PARAM_MISMATCH,WARNING,Text dimensions 35x29x36 diverge from filter 334x457x552
SIMAG_SDE170W,Výrobník kališkového ľadu chladený vodou SDE 170 W,Gastro Prevádzky a Profesionáli > Bar a kaviareň > Výrobníky a drviče ľadu,forgastro,Rozmery (ŠxHxV),35x29x36,1042x575x892,TEXT_PARAM_MISMATCH,WARNING,Text dimensions 35x29x36 diverge from filter 1042x575x892
SIMAG_SDE170A,Výrobník kališkového ľadu chladený vzduchom SDE 170 A,Gastro Prevádzky a Profesionáli > Bar a kaviareň > Výrobníky a drviče ľadu,forgastro,Rozmery (ŠxHxV),35x29x36,1042x575x892,TEXT_PARAM_MISMATCH,WARNING,Text dimensions 35x29x36 diverge from filter 1042x575x892
SIMAG_SDE100W,Výrobník kališkového ľadu chladený vodou SDE 100 W,Gastro Prevádzky a Profesionáli > Bar a kaviareň > Výrobníky a drviče ľadu,forgastro,Rozmery (ŠxHxV),35x29x36,670x595x892,TEXT_PARAM_MISMATCH,WARNING,Text dimensions 35x29x36 diverge from filter 670x595x892
S778002,Elektrická panvica Stalgast 40 l EKO 700,Gastro Prevádzky a Profesionáli > Varná technika > Sklápacie panvice,core,Rozmery (ŠxHxV),567x472x150,700x786x912,TEXT_PARAM_MISMATCH,WARNING,Text dimensions 567x472x150 diverge from filter 700x786x912
S775415,Mikrovlnná rúra SAMSUNG - 1500W - 2xmagnetrón - digitálne ovládanie,Gastro Prevádzky a Profesionáli > Varná technika > Rýchloohrevné a mikrovlnné rúry,core,Rozmery (ŠxHxV),370x370x190,464x597x368,TEXT_PARAM_MISMATCH,WARNING,Text dimensions 370x370x190 diverge from filter 464x597x368
S775313,Mikrovlnka manuálna 1050 W SAMSUNG,Gastro Prevádzky a Profesionáli > Varná technika > Rýchloohrevné a mikrovlnné rúry,core,Rozmery (ŠxHxV),336x349x225,517x412x297,TEXT_PARAM_MISMATCH,WARNING,Text dimensions 336x349x225 diverge from filter 517x412x297
GUSUP1D-80.V,Vstupný stôl k priebežnej umývačke ARISTARCO – s drezom 800mm,Gastro Prevádzky a Profesionáli > Umývacia technika > Stoly k umývačkám,gastromarket,Rozmery (ŠxHxV),500x400x250,800x760x850,TEXT_PARAM_MISMATCH,WARNING,Text dimensions 500x400x250 diverge from filter 800x760x850
GUSUP1D-140.V,Vstupný stôl k priebežnej umývačke ARISTARCO – s drezom 1400mm,Gastro Prevádzky a Profesionáli > Umývacia technika > Stoly k umývačkám,gastromarket,Rozmery (ŠxHxV),500x400x250,1600x760x850,TEXT_PARAM_MISMATCH,WARNING,Text dimensions 500x400x250 diverge from filter 1600x760x850
GUSUP1D-100.V,Vstupný stôl k priebežnej umývačke ARISTARCO – s drezom 1000mm,Gastro Prevádzky a Profesionáli > Umývacia technika > Stoly k umývačkám,gastromarket,Rozmery (ŠxHxV),500x400x250,1000x760x850,TEXT_PARAM_MISMATCH,WARNING,Text dimensions 500x400x250 diverge from filter 1000x760x850
S563452,Termotaška na pizzu STALGAST XL EKO,Gastro Prevádzky a Profesionáli > Transport a logistika > Termotašky na jedlo a pizzu,core,Rozmery (ŠxHxV),510x500x200,550x500x200,TEXT_PARAM_MISMATCH,WARNING,Text dimensions 510x500x200 diverge from filter 550x500x200
F882355,Barová podpultová chladnička 3x dvere - výška 870 mm,Gastro Prevádzky a Profesionáli > Chladenie a mrazenie > Presklené chladničky,gastromarket,Rozmery (ŠxHxV),1285x370x735,1350x535x870,TEXT_PARAM_MISMATCH,WARNING,Text dimensions 1285x370x735 diverge from filter 1350x535x870
F882255,Barová podpultová chladnička 2x dvere - výška 870 mm,Gastro Prevádzky a Profesionáli > Chladenie a mrazenie > Presklené chladničky,gastromarket,Rozmery (ŠxHxV),835x370x735,900x535x870,TEXT_PARAM_MISMATCH,WARNING,Text dimensions 835x370x735 diverge from filter 900x535x870
F882155,Barová podpultová chladnička 1x dvere - výška 870 mm,Gastro Prevádzky a Profesionáli > Chladenie a mrazenie > Presklené chladničky,gastromarket,Rozmery (ŠxHxV),535x370x735,600x535x870,TEXT_PARAM_MISMATCH,WARNING,Text dimensions 535x370x735 diverge from filter 600x535x870
F843270,Dvojdverový pizza-stôl s vitrínou 10 x GN1/4,Gastro Prevádzky a Profesionáli > Chladenie a mrazenie > Chladiace stoly na pizzu,gastromarket,Príkon (W),0.12 kW (120 W),360,TEXT_PARAM_MISMATCH,WARNING,Text states 0.12 kW (120 W) but filter has 360 W
F843250,Trojdverový  pizza-stôl vitrínou 10 x GN1/4,Gastro Prevádzky a Profesionáli > Chladenie a mrazenie > Chladiace stoly na pizzu,gastromarket,Príkon (W),0.12 kW (120 W),360,TEXT_PARAM_MISMATCH,WARNING,Text states 0.12 kW (120 W) but filter has 360 W
F843200,Dvojdverový  pizza-stôl vitrínou 7 x GN1/4,Gastro Prevádzky a Profesionáli > Chladenie a mrazenie > Chladiace stoly na pizzu,gastromarket,Príkon (W),0.12 kW (120 W),360,TEXT_PARAM_MISMATCH,WARNING,Text states 0.12 kW (120 W) but filter has 360 W
F843032,Trojdverový pizza stôl s vitrínou 6 x GN1/4,Gastro Prevádzky a Profesionáli > Chladenie a mrazenie > Chladiace stoly na pizzu,gastromarket,Príkon (W),0.1 kW (100 W),400,TEXT_PARAM_MISMATCH,WARNING,Text states 0.1 kW (100 W) but filter has 400 W
F787025,Výrobník cestovín FIMAR PF25E,Gastro Prevádzky a Profesionáli > Pizza a cestoviny > Stroje na cestoviny,gastromarket,Rozmery (ŠxHxV),300x550x452,300x550x540,TEXT_PARAM_MISMATCH,WARNING,Text dimensions 300x550x452 diverge from filter 300x550x540
F746166,Stolová fritéza FIMAR 2 x 10 litrov - 2x 6kW - s výpustným ventilom,Gastro Prevádzky a Profesionáli > Stolné varné zariadenia > Fritézy,gastromarket,Príkon (W),6.0 kW (6000 W),12000,TEXT_PARAM_MISMATCH,WARNING,Text states 6.0 kW (6000 W) but filter has 12000 W
F725001,Strúhač na tvrdý syr alebo strúhanku Fimar,Gastro Prevádzky a Profesionáli > Príprava surovín > Strúhače a krájače na syr,gastromarket,Rozmery (ŠxHxV),290x250x310,290x250x420,TEXT_PARAM_MISMATCH,WARNING,Text dimensions 290x250x310 diverge from filter 290x250x420
F691150,Cirkulátor SOUS-VIDE FIMAR PROFI,Gastro Prevádzky a Profesionáli > Varná technika > Sous-vide zariadenia,core,Objem (l),,50 L (Gross: 14 L),GEOMETRIC_IMPOSSIBILITY,ERROR,Claimed volume 50L exceeds gross outer volume 14L (240x150x390mm)
ECOVAC_ECOTOP,Vákuový baliaci stroj komorový s jedným programom ECO TOP,Gastro Prevádzky a Profesionáli > Skladovanie a balenie > Vákuové baličky,forgastro,Rozmery (ŠxHxV),460x500x200,560x610x450,TEXT_PARAM_MISMATCH,WARNING,Text dimensions 460x500x200 diverge from filter 560x610x450
ECOVAC_ECOPACK,Vákuový baliaci stroj komorový s jedným programom ECO PACK,Gastro Prevádzky a Profesionáli > Skladovanie a balenie > Vákuové baličky,forgastro,Rozmery (ŠxHxV),410x450x220,470x550x430,TEXT_PARAM_MISMATCH,WARNING,Text dimensions 410x450x220 diverge from filter 470x550x430
ECOVAC_ECOMIX,Vákuový baliaci stroj komorový s jedným programom ECO MIX,Gastro Prevádzky a Profesionáli > Skladovanie a balenie > Vákuové baličky,forgastro,Rozmery (ŠxHxV),310x350x120,420x460x370,TEXT_PARAM_MISMATCH,WARNING,Text dimensions 310x350x120 diverge from filter 420x460x370
ECOVAC_ECOFLEX,Vákuový baliaci stroj komorový s jedným programom ECO FLEX,Gastro Prevádzky a Profesionáli > Skladovanie a balenie > Vákuové baličky,forgastro,Rozmery (ŠxHxV),360x400x190,460x520x420,TEXT_PARAM_MISMATCH,WARNING,Text dimensions 360x400x190 diverge from filter 460x520x420
ECOVAC_ECO50,Vákuový baliaci stroj komorový s deviatimi programami ECO 50 SUPER,Gastro Prevádzky a Profesionáli > Skladovanie a balenie > Vákuové baličky,forgastro,Rozmery (ŠxHxV),520x520x220,620x630x450,TEXT_PARAM_MISMATCH,WARNING,Text dimensions 520x520x220 diverge from filter 620x630x450
ECOVAC_ECO45,Vákuový baliaci stroj komorový s deviatimi programami ECO 45 DIGIT,Gastro Prevádzky a Profesionáli > Skladovanie a balenie > Vákuové baličky,forgastro,Rozmery (ŠxHxV),460x500x220,560x640x450,TEXT_PARAM_MISMATCH,WARNING,Text dimensions 460x500x220 diverge from filter 560x640x450
ECOVAC_ECO40,Vákuový baliaci stroj komorový s deviatimi programami ECO 40 DIGIT,Gastro Prevádzky a Profesionáli > Skladovanie a balenie > Vákuové baličky,forgastro,Rozmery (ŠxHxV),410x450x220,510x590x450,TEXT_PARAM_MISMATCH,WARNING,Text dimensions 410x450x220 diverge from filter 510x590x450
ECOVAC_ECO30,Vákuový baliaci stroj komorový s deviatimi programami ECO 30 DIGIT,Gastro Prevádzky a Profesionáli > Skladovanie a balenie > Vákuové baličky,forgastro,Rozmery (ŠxHxV),310x350x190,410x490x420,TEXT_PARAM_MISMATCH,WARNING,Text dimensions 310x350x190 diverge from filter 410x490x420
ECOVAC_ECO25,Vákuový baliaci stroj komorový s deviatimi programami ECO 25 DIGIT,Gastro Prevádzky a Profesionáli > Skladovanie a balenie > Vákuové baličky,forgastro,Rozmery (ŠxHxV),260x300x160,360x430x400,TEXT_PARAM_MISMATCH,WARNING,Text dimensions 260x300x160 diverge from filter 360x430x400
E970043,Vákuovací stroj komorový FIMAR 500,Gastro Prevádzky a Profesionáli > Skladovanie a balenie > Vákuové baličky,gastromarket,Rozmery (ŠxHxV),520x520x220,610x630x500,TEXT_PARAM_MISMATCH,WARNING,Text dimensions 520x520x220 diverge from filter 610x630x500
E970041,Vakuovací stroj komorový Fimar 300 mm,Gastro Prevádzky a Profesionáli > Skladovanie a balenie > Vákuové baličky,gastromarket,Rozmery (ŠxHxV),310x350x190,460x410x430,TEXT_PARAM_MISMATCH,WARNING,Text dimensions 310x350x190 diverge from filter 460x410x430
E970040,Vákuovací stroj  komorový FIMAR 250 mm,Gastro Prevádzky a Profesionáli > Skladovanie a balenie > Vákuové baličky,gastromarket,Rozmery (ŠxHxV),260x300x110,320x500x270,TEXT_PARAM_MISMATCH,WARNING,Text dimensions 260x300x110 diverge from filter 320x500x270
C977300,Plynový WOK sporák 1500x700,Gastro Prevádzky a Profesionáli > Varná technika > WOK panvice a sporáky,gastromarket,Príkon (W),14.0 kW (14000 W),49000,TEXT_PARAM_MISMATCH,WARNING,Text states 14.0 kW (14000 W) but filter has 49000 W
C977200,Plynový WOK CASTA - 2x 14kW horáky - 1000x700x275 mm,Gastro Prevádzky a Profesionáli > Varná technika > WOK panvice a sporáky,gastromarket,Príkon (W),14.0 kW (14000 W),28000,TEXT_PARAM_MISMATCH,WARNING,Text states 14.0 kW (14000 W) but filter has 28000 W
C781759,Plynová Pizzapec CUPPONE Giorgone 9 x 36,Gastro Prevádzky a Profesionáli > Pizza a cestoviny > Pece na pizzu,gastromarket,Rozmery (ŠxHxV),1080x1080x185,1590x1480x810,TEXT_PARAM_MISMATCH,WARNING,Text dimensions 1080x1080x185 diverge from filter 1590x1480x810
C781756,Plynová Pizzapec CUPPONE Giorgone L 6 x 36,Gastro Prevádzky a Profesionáli > Pizza a cestoviny > Pece na pizzu,gastromarket,Rozmery (ŠxHxV),1080x720x185,1590x1120x810,TEXT_PARAM_MISMATCH,WARNING,Text dimensions 1080x720x185 diverge from filter 1590x1120x810
C781754,Plynová Pizzapec CUPPONE Giorgone 4 x 36,Gastro Prevádzky a Profesionáli > Pizza a cestoviny > Pece na pizzu,gastromarket,Rozmery (ŠxHxV),720x720x185,1230x1120x810,TEXT_PARAM_MISMATCH,WARNING,Text dimensions 720x720x185 diverge from filter 1230x1120x810
C781618,Pizza pec Donatello 9+9,Gastro Prevádzky a Profesionáli > Pizza a cestoviny > Pece na pizzu,gastromarket,Príkon (W),12.6 kW (12600 W),25200,TEXT_PARAM_MISMATCH,WARNING,Text states 12.6 kW (12600 W) but filter has 25200 W
C781618,Pizza pec Donatello 9+9,Gastro Prevádzky a Profesionáli > Pizza a cestoviny > Pece na pizzu,gastromarket,Rozmery (ŠxHxV),1080x1080x140,1510x1420x780,TEXT_PARAM_MISMATCH,WARNING,Text dimensions 1080x1080x140 diverge from filter 1510x1420x780
C781609,Pizzapec CUPPONE Donatello 9 x 36,Gastro Prevádzky a Profesionáli > Pizza a cestoviny > Pece na pizzu,gastromarket,Rozmery (ŠxHxV),1080x1080x140,1510x1420x430,TEXT_PARAM_MISMATCH,WARNING,Text dimensions 1080x1080x140 diverge from filter 1510x1420x430
C781608,Pizzapec CUPPONE Donatello 8 x 36,Gastro Prevádzky a Profesionáli > Pizza a cestoviny > Pece na pizzu,gastromarket,Rozmery (ŠxHxV),720x720x150,1155x1050x784,TEXT_PARAM_MISMATCH,WARNING,Text dimensions 720x720x150 diverge from filter 1155x1050x784
C781607,Pizzapec CUPPONE Donatello L 6 x 36,Gastro Prevádzky a Profesionáli > Pizza a cestoviny > Pece na pizzu,gastromarket,Rozmery (ŠxHxV),1080x720x150,1515x1050x437,TEXT_PARAM_MISMATCH,WARNING,Text dimensions 1080x720x150 diverge from filter 1515x1050x437
C781604,Pizzapec CUPPONE Donatello 4 x 36,Gastro Prevádzky a Profesionáli > Pizza a cestoviny > Pece na pizzu,gastromarket,Rozmery (ŠxHxV),720x720x150,1155x1050x437,TEXT_PARAM_MISMATCH,WARNING,Text dimensions 720x720x150 diverge from filter 1155x1050x437
C781508,Pizzapec CUPPONE Tiziano 8 x 36,Gastro Prevádzky a Profesionáli > Pizza a cestoviny > Pece na pizzu,gastromarket,Rozmery (ŠxHxV),720x720x160,1002x864x700,TEXT_PARAM_MISMATCH,WARNING,Text dimensions 720x720x160 diverge from filter 1002x864x700
C781504,Pizzapec CUPPONE Tiziano 4 x 36,Gastro Prevádzky a Profesionáli > Pizza a cestoviny > Pece na pizzu,gastromarket,Rozmery (ŠxHxV),720x720x160,1002x864x385,TEXT_PARAM_MISMATCH,WARNING,Text dimensions 720x720x160 diverge from filter 1002x864x385
C781452,Pizzapec CUPPONE Tiziano 2 x 50,Gastro Prevádzky a Profesionáli > Pizza a cestoviny > Pece na pizzu,gastromarket,Rozmery (ŠxHxV),520x520x140,800x660x690,TEXT_PARAM_MISMATCH,WARNING,Text dimensions 520x520x140 diverge from filter 800x660x690
C781451,Pizzapec CUPPONE Tiziano 1 x 50,Gastro Prevádzky a Profesionáli > Pizza a cestoviny > Pece na pizzu,gastromarket,Rozmery (ŠxHxV),520x520x140,800x660x390,TEXT_PARAM_MISMATCH,WARNING,Text dimensions 520x520x140 diverge from filter 800x660x390
BG9F6/FE,6 - Plynový sporák a teplovzdusná rúra GN 2/1  - BERTO´S,Gastro Prevádzky a Profesionáli > Varná technika > Varné linky a sporáky,gastromarket,Príkon (W),3.5 kW (3500 W),7500,TEXT_PARAM_MISMATCH,WARNING,Text states 3.5 kW (3500 W) but filter has 7500 W
BG9F4/FE,4 - Plynový sporák so statickou rúrou GN 2/1  - BERTO´S,Gastro Prevádzky a Profesionáli > Varná technika > Varné linky a sporáky,gastromarket,Príkon (W),3.5 kW (3500 W),7500,TEXT_PARAM_MISMATCH,WARNING,Text states 3.5 kW (3500 W) but filter has 7500 W
BG7F6/FE,6 - P-sporák s E-rúrou rada 700 - BERTO´S,Gastro Prevádzky a Profesionáli > Varná technika > Varné linky a sporáky,gastromarket,Príkon (W),3.5 kW (3500 W),7500,TEXT_PARAM_MISMATCH,WARNING,Text states 3.5 kW (3500 W) but filter has 7500 W
BG7F4/FE,4 - P-sporák s E-rúrou rada 700 - BERTO´S,Gastro Prevádzky a Profesionáli > Varná technika > Varné linky a sporáky,gastromarket,Príkon (W),3.5 kW (3500 W),7500,TEXT_PARAM_MISMATCH,WARNING,Text states 3.5 kW (3500 W) but filter has 7500 W
BE9PQ6/FE,"Elektrický sporák 6x3,5 kW s elektrickou rúrou  - BERTO´S",Gastro Prevádzky a Profesionáli > Varná technika > Varné linky a sporáky,gastromarket,Príkon (W),3.5 kW (3500 W),28500,TEXT_PARAM_MISMATCH,WARNING,Text states 3.5 kW (3500 W) but filter has 28500 W
BE9PQ4/FE,"Elektrický sporák 4x3,5 kW s elektrickou rúrou  - BERTO´S",Gastro Prevádzky a Profesionáli > Varná technika > Varné linky a sporáky,gastromarket,Príkon (W),3.5 kW (3500 W),21500,TEXT_PARAM_MISMATCH,WARNING,Text states 3.5 kW (3500 W) but filter has 21500 W
BE9P4M/IND,Indukčný sporák BERTO´s 900 - 4x 5kW,Gastro Prevádzky a Profesionáli > Varná technika > Varné linky a sporáky,gastromarket,Príkon (W),5.0 kW (5000 W),20000,TEXT_PARAM_MISMATCH,WARNING,Text states 5.0 kW (5000 W) but filter has 20000 W
BE7P6/FE,6 - E-sporák s E-rúrou rada 700 - BERTO´S,Gastro Prevádzky a Profesionáli > Varná technika > Varné linky a sporáky,gastromarket,Príkon (W),2.6 kW (2600 W),23100,TEXT_PARAM_MISMATCH,WARNING,Text states 2.6 kW (2600 W) but filter has 23100 W
BE7P4M/IND,Indukcny sporák 4 zony - BERTO´S,Gastro Prevádzky a Profesionáli > Varná technika > Varné linky a sporáky,gastromarket,Príkon (W),3.5 kW (3500 W),14000,TEXT_PARAM_MISMATCH,WARNING,Text states 3.5 kW (3500 W) but filter has 14000 W
BE7P4/FE,4 - E-sporák s E-rúrou rada 700 - BERTO´S,Gastro Prevádzky a Profesionáli > Varná technika > Varné linky a sporáky,gastromarket,Príkon (W),2.6 kW (2600 W),17900,TEXT_PARAM_MISMATCH,WARNING,Text states 2.6 kW (2600 W) but filter has 17900 W
B781522,Pizzapec GASTRO EKO 66,Gastro Prevádzky a Profesionáli > Pizza a cestoviny > Pece na pizzu,gastromarket,Rozmery (ŠxHxV),1050x700x140,1285x755x590,TEXT_PARAM_MISMATCH,WARNING,Text dimensions 1050x700x140 diverge from filter 1285x755x590
B781504,Pizzapec GASTRO EKO 4,Gastro Prevádzky a Profesionáli > Pizza a cestoviny > Pece na pizzu,gastromarket,Rozmery (ŠxHxV),700x700x140,950x760x330,TEXT_PARAM_MISMATCH,WARNING,Text dimensions 700x700x140 diverge from filter 950x760x330
98090XXXX,Umývací stôl krytovaný s dvojdrezom a s posuvnými dvierkami 1300x700x850mm,Gastro Prevádzky a Profesionáli > Nerezový nábytok > Umývacie stoly a drezy,core,Rozmery (ŠxHxV),500x500x250,1300x700x850,TEXT_PARAM_MISMATCH,WARNING,Text dimensions 500x500x250 diverge from filter 1300x700x850
98087XXXX,Umývací stôl krytovaný s dvojdrezom a s krídlovými dvierkami 1100x600x850mm,Gastro Prevádzky a Profesionáli > Nerezový nábytok > Umývacie stoly a drezy,core,Rozmery (ŠxHxV),400x400x250,1100x600x850,TEXT_PARAM_MISMATCH,WARNING,Text dimensions 400x400x250 diverge from filter 1100x600x850
98082XXXX,Umývací stôl s dvojdrezom a s policou 1800x600x850mm,Gastro Prevádzky a Profesionáli > Nerezový nábytok > Umývacie stoly a drezy,core,Rozmery (ŠxHxV),400x400x250,1800x600x850,TEXT_PARAM_MISMATCH,WARNING,Text dimensions 400x400x250 diverge from filter 1800x600x850
98074XXXX,Umývací stôl krytovaný s drezom a s posuvnými dvierkami 1200x600x850mm,Gastro Prevádzky a Profesionáli > Nerezový nábytok > Umývacie stoly a drezy,core,Rozmery (ŠxHxV),400x400x250,1200x600x850,TEXT_PARAM_MISMATCH,WARNING,Text dimensions 400x400x250 diverge from filter 1200x600x850
98072XXXX,Umývací stôl krytovaný s drezom a s krídlovými dvierkami 900x700x850mm,Gastro Prevádzky a Profesionáli > Nerezový nábytok > Umývacie stoly a drezy,core,Rozmery (ŠxHxV),500x500x250,900x700x850,TEXT_PARAM_MISMATCH,WARNING,Text dimensions 500x500x250 diverge from filter 900x700x850
98069XXXX,Umývací stôl s jedným drezom a s policou 700x600x850mm,Gastro Prevádzky a Profesionáli > Nerezový nábytok > Umývacie stoly a drezy,core,Rozmery (ŠxHxV),400x400x250,700x600x850,TEXT_PARAM_MISMATCH,WARNING,Text dimensions 400x400x250 diverge from filter 700x600x850
954797100,Závesný vstupný stôl pravý EKO 201 1000x750x880 mm,Gastro Prevádzky a Profesionáli > Umývacia technika > Stoly k umývačkám,core,Rozmery (ŠxHxV),400x400x250,1000x750x880,TEXT_PARAM_MISMATCH,WARNING,Text dimensions 400x400x250 diverge from filter 1000x750x880
954797080,Závesný vstupný stôl pravý EKO 201 800x750x880 mm,Gastro Prevádzky a Profesionáli > Umývacia technika > Stoly k umývačkám,core,Rozmery (ŠxHxV),400x400x250,800x750x880,TEXT_PARAM_MISMATCH,WARNING,Text dimensions 400x400x250 diverge from filter 800x750x880
954777080,Závesný vstupný stôl ľavý EKO 201 800x750x850 mm,Gastro Prevádzky a Profesionáli > Umývacia technika > Stoly k umývačkám,core,Rozmery (ŠxHxV),400x400x250,800x750x850,TEXT_PARAM_MISMATCH,WARNING,Text dimensions 400x400x250 diverge from filter 800x750x850
954607160,Umývací stôl s dvojdrezom vľavo a policou EKO 201 1600x700x850 mm,Gastro Prevádzky a Profesionáli > Nerezový nábytok > Umývacie stoly a drezy,core,Rozmery (ŠxHxV),500x500x250,1600x700x850,TEXT_PARAM_MISMATCH,WARNING,Text dimensions 500x500x250 diverge from filter 1600x700x850
954607140,Umývací stôl s dvojdrezom vľavo a policou EKO 201 1400x700x850 mm,Gastro Prevádzky a Profesionáli > Nerezový nábytok > Umývacie stoly a drezy,core,Rozmery (ŠxHxV),400x400x250,1400x700x850,TEXT_PARAM_MISMATCH,WARNING,Text dimensions 400x400x250 diverge from filter 1400x700x850
954606160,Umývací stôl s dvojdrezom vľavo a policou EKO 201 1600x600x850 mm,Gastro Prevádzky a Profesionáli > Nerezový nábytok > Umývacie stoly a drezy,core,Rozmery (ŠxHxV),500x500x250,1600x600x850,TEXT_PARAM_MISMATCH,WARNING,Text dimensions 500x500x250 diverge from filter 1600x600x850
954606140,Umývací stôl s dvojdrezom vľavo a policou EKO 201 1400x600x850 mm,Gastro Prevádzky a Profesionáli > Nerezový nábytok > Umývacie stoly a drezy,core,Rozmery (ŠxHxV),400x400x250,1400x600x850,TEXT_PARAM_MISMATCH,WARNING,Text dimensions 400x400x250 diverge from filter 1400x600x850
954597160,Umývací stôl s dvojdrezom vľavo a policou EKO 201 1600x700x850 mm,Gastro Prevádzky a Profesionáli > Nerezový nábytok > Umývacie stoly a drezy,core,Rozmery (ŠxHxV),500x500x250,1600x700x850,TEXT_PARAM_MISMATCH,WARNING,Text dimensions 500x500x250 diverge from filter 1600x700x850
954597140,Umývací stôl s dvojdrezom vpravo a policou EKO 201 1400x700x850 mm,Gastro Prevádzky a Profesionáli > Nerezový nábytok > Umývacie stoly a drezy,core,Rozmery (ŠxHxV),500x500x250,1400x700x850,TEXT_PARAM_MISMATCH,WARNING,Text dimensions 500x500x250 diverge from filter 1400x700x850
954596140,Umývací stôl s dvojdrezom vpravo a policou EKO 201 1400x600x850 mm,Gastro Prevádzky a Profesionáli > Nerezový nábytok > Umývacie stoly a drezy,core,Rozmery (ŠxHxV),400x400x250,1400x600x850,TEXT_PARAM_MISMATCH,WARNING,Text dimensions 400x400x250 diverge from filter 1400x600x850
954477140,Umývací stôl s drezom vľavo a policou EKO 201 1400x700x850 mm,Gastro Prevádzky a Profesionáli > Nerezový nábytok > Umývacie stoly a drezy,core,Rozmery (ŠxHxV),500x500x250,1400x700x850,TEXT_PARAM_MISMATCH,WARNING,Text dimensions 500x500x250 diverge from filter 1400x700x850
954477120,Umývací stôl s drezom vľavo a policou EKO 201 1200x700x850 mm,Gastro Prevádzky a Profesionáli > Nerezový nábytok > Umývacie stoly a drezy,core,Rozmery (ŠxHxV),500x500x250,1200x700x850,TEXT_PARAM_MISMATCH,WARNING,Text dimensions 500x500x250 diverge from filter 1200x700x850
954476140,Umývací stôl s drezom vľavo a policou EKO 201 1400x600x850 mm,Gastro Prevádzky a Profesionáli > Nerezový nábytok > Umývacie stoly a drezy,core,Rozmery (ŠxHxV),500x500x250,1400x600x850,TEXT_PARAM_MISMATCH,WARNING,Text dimensions 500x500x250 diverge from filter 1400x600x850
954476120,Umývací stôl s drezom vľavo a policou EKO 201 1200x600x850 mm,Gastro Prevádzky a Profesionáli > Nerezový nábytok > Umývacie stoly a drezy,core,Rozmery (ŠxHxV),500x500x250,1200x600x850,TEXT_PARAM_MISMATCH,WARNING,Text dimensions 500x500x250 diverge from filter 1200x600x850
954476100,Umývací stôl s drezom vľavo a policou EKO 201 1000x600x850 mm,Gastro Prevádzky a Profesionáli > Nerezový nábytok > Umývacie stoly a drezy,core,Rozmery (ŠxHxV),400x400x250,1000x600x850,TEXT_PARAM_MISMATCH,WARNING,Text dimensions 400x400x250 diverge from filter 1000x600x850
954467140,Umývací stôl s drezom vpravo a policou EKO 201 1400x700x850 mm,Gastro Prevádzky a Profesionáli > Nerezový nábytok > Umývacie stoly a drezy,core,Rozmery (ŠxHxV),500x500x250,1400x700x850,TEXT_PARAM_MISMATCH,WARNING,Text dimensions 500x500x250 diverge from filter 1400x700x850
954466140,Umývací stôl s drezom vpravo a policou EKO 201 1400x600x850 mm,Gastro Prevádzky a Profesionáli > Nerezový nábytok > Umývacie stoly a drezy,core,Rozmery (ŠxHxV),500x500x250,1400x600x850,TEXT_PARAM_MISMATCH,WARNING,Text dimensions 500x500x250 diverge from filter 1400x600x850
954466120,Umývací stôl s drezom vpravo a policou EKO 201 1200x600x850 mm,Gastro Prevádzky a Profesionáli > Nerezový nábytok > Umývacie stoly a drezy,core,Rozmery (ŠxHxV),500x500x250,1200x600x850,TEXT_PARAM_MISMATCH,WARNING,Text dimensions 500x500x250 diverge from filter 1200x600x850
954466100,Umývací stôl s drezom vpravo a policou EKO 201 1000x600x850 mm,Gastro Prevádzky a Profesionáli > Nerezový nábytok > Umývacie stoly a drezy,core,Rozmery (ŠxHxV),400x400x250,1000x600x850,TEXT_PARAM_MISMATCH,WARNING,Text dimensions 400x400x250 diverge from filter 1000x600x850
8072XXXX,Umývací stôl s jedným drezom a s policou 1900x700x850mm,Gastro Prevádzky a Profesionáli > Nerezový nábytok > Umývacie stoly a drezy,core,Rozmery (ŠxHxV),500x500x250,1900x700x850,TEXT_PARAM_MISMATCH,WARNING,Text dimensions 500x500x250 diverge from filter 1900x700x850
F882251,Barová chladnička Forcar 2x dvere,Gastro Prevádzky a Profesionáli > Chladenie a mrazenie > Presklené chladničky,gastromarket,Rozmery (ŠxHxV),855x408x765,920x535x920,TEXT_PARAM_MISMATCH,WARNING,Text dimensions 855x408x765 diverge from filter 920x535x920
P781512,Pizapec dvojkomorová BASIC XL66 na hĺbku,Gastro Prevádzky a Profesionáli > Pizza a cestoviny > Pece na pizzu,gastromarket,Rozmery (ŠxHxV),720x1080x140,1005x1315x745,TEXT_PARAM_MISMATCH,WARNING,Text dimensions 720x1080x140 diverge from filter 1005x1315x745
P781506,Pizapec jednokomorová BASIC XL6 na hĺbku,Gastro Prevádzky a Profesionáli > Pizza a cestoviny > Pece na pizzu,gastromarket,Rozmery (ŠxHxV),720x1080x140,1005x1315x415,TEXT_PARAM_MISMATCH,WARNING,Text dimensions 720x1080x140 diverge from filter 1005x1315x415
C781606,Pizzapec CUPPONE Donatello 6 x 36,Gastro Prevádzky a Profesionáli > Pizza a cestoviny > Pece na pizzu,gastromarket,Rozmery (ŠxHxV),720x1080x150,1155x1410x437,TEXT_PARAM_MISMATCH,WARNING,Text dimensions 720x1080x150 diverge from filter 1155x1410x437
S746043,"Fritéza Caterina 2x3,5 l",Gastro Prevádzky a Profesionáli > Stolné varné zariadenia > Fritézy,core,Príkon (W),2.0 kW (2000 W),4000,TEXT_PARAM_MISMATCH,WARNING,Text states 2.0 kW (2000 W) but filter has 4000 W
MORETTI FORNI_IDM60.60,Pec na pizzu iD-M 60.60,Gastro Prevádzky a Profesionáli > Pizza a cestoviny > Pece na pizzu,forgastro,Rozmery (ŠxHxV),610x660x140,850x991x481,TEXT_PARAM_MISMATCH,WARNING,Text dimensions 610x660x140 diverge from filter 850x991x481
MORETTI FORNI_IDM105.65,Pec na pizzu iD-M 105.65,Gastro Prevádzky a Profesionáli > Pizza a cestoviny > Pece na pizzu,forgastro,Rozmery (ŠxHxV),1050x660x140,1320x1095x463,TEXT_PARAM_MISMATCH,WARNING,Text dimensions 1050x660x140 diverge from filter 1320x1095x463
MORETTI FORNI_IDM105.105,Pec na pizzu iD-M 105.105,Gastro Prevádzky a Profesionáli > Pizza a cestoviny > Pece na pizzu,forgastro,Rozmery (ŠxHxV),1050x1050x140,1320x1495x463,TEXT_PARAM_MISMATCH,WARNING,Text dimensions 1050x1050x140 diverge from filter 1320x1495x463
MORETTI FORNI_IDD72.72,Pec na pizzu iD-D 72.72,Gastro Prevádzky a Profesionáli > Pizza a cestoviny > Pece na pizzu,forgastro,Rozmery (ŠxHxV),720x720x140,988x1152x760,TEXT_PARAM_MISMATCH,WARNING,Text dimensions 720x720x140 diverge from filter 988x1152x760
MORETTI FORNI_IDD105.105,Pec na pizzu iD-D 105.105,Gastro Prevádzky a Profesionáli > Pizza a cestoviny > Pece na pizzu,forgastro,Rozmery (ŠxHxV),1050x1050x140,1320x1495x760,TEXT_PARAM_MISMATCH,WARNING,Text dimensions 1050x1050x140 diverge from filter 1320x1495x760
MORETTI FORNI_IDD65.105,Pec na pizzu iD-D 65.105,Gastro Prevádzky a Profesionáli > Pizza a cestoviny > Pece na pizzu,forgastro,Rozmery (ŠxHxV),660x1050x140,924x1495x760,TEXT_PARAM_MISMATCH,WARNING,Text dimensions 660x1050x140 diverge from filter 924x1495x760
MORETTI FORNI_IDD105.65,Pec na pizzu iD-D 105.65,Gastro Prevádzky a Profesionáli > Pizza a cestoviny > Pece na pizzu,forgastro,Rozmery (ŠxHxV),1050x660x140,1320x1095x760,TEXT_PARAM_MISMATCH,WARNING,Text dimensions 1050x660x140 diverge from filter 1320x1095x760
MORETTI FORNI_IDD72.42,Pec na pizzu iD-D 72.42,Gastro Prevádzky a Profesionáli > Pizza a cestoviny > Pece na pizzu,forgastro,Rozmery (ŠxHxV),720x420x140,988x798x760,TEXT_PARAM_MISMATCH,WARNING,Text dimensions 720x420x140 diverge from filter 988x798x760
MORETTI FORNI_T65E,Priebežná pec na pizzu T 65 E,Gastro Prevádzky a Profesionáli > Pizza a cestoviny > Pece na pizzu,forgastro,Príkon (W),4.5 kW (4500 W),8900,TEXT_PARAM_MISMATCH,WARNING,Text states 4.5 kW (4500 W) but filter has 8900 W
